Date,AccidentLocation_CHLV95_E,AccidentLocation_CHLV95_N,SumBikerNumber,SumPedestrianNumber
2020-02-17 10:00:00,2679040,1249331,,78.5
2020-11-11 17:00:00,2679041,1249515,8.0,
2020-12-23 10:00:00,2679042,1249330,4.5,
2011-01-02 21:00:00,2679047,1250858,0.0,0.0
2011-12-16 19:00:00,2679060,1250866,0.0,1.0
2011-05-03 13:00:00,2679067,1250685,0.5,16.5
2011-01-20 14:00:00,2679069,1250808,0.0,5.0
2020-03-14 20:00:00,2679086,1249435,3.0,
2020-03-03 16:00:00,2679087,1250785,58.0,
2020-05-16 18:00:00,2679100,1249469,8.0,
2011-04-12 11:00:00,2679147,1250721,0.5,16.0
2011-03-24 18:00:00,2679150,1250827,4.0,24.5
2020-10-29 21:00:00,2679174,1249471,2.0,
2020-06-24 15:00:00,2679174,1250605,,56.5
2011-02-11 10:00:00,2679190,1249457,10.0,
2020-09-07 19:00:00,2679193,1249270,,358.5
2011-05-07 22:00:00,2679209,1249455,11.5,
2011-01-10 17:00:00,2679209,1249592,12.0,
2020-04-09 07:00:00,2679210,1249601,,46.0
2020-09-07 18:00:00,2679214,1250682,,42.0
2020-09-04 17:00:00,2679241,1249618,,109.5
2020-02-24 14:00:00,2679250,1249460,,103.5
2011-04-21 20:00:00,2679268,1249427,18.0,
2020-09-30 13:00:00,2679274,1249229,,297.5
2020-02-20 06:00:00,2679275,1249237,,12.5
2011-03-31 13:00:00,2679293,1249458,21.0,
2020-11-10 17:00:00,2679314,1249455,,380.5
2020-02-27 12:00:00,2679320,1249457,,81.0
2020-10-09 08:00:00,2679337,1249328,,238.0
2020-07-06 21:00:00,2679341,1249193,12.0,
2020-07-08 17:00:00,2679346,1249191,77.5,
2020-01-09 10:00:00,2679351,1249389,,107.5
2020-01-30 15:00:00,2679358,1249433,16.5,
2020-05-20 13:00:00,2679375,1249163,37.5,
2020-01-29 16:00:00,2679485,1249244,9.5,
2020-11-02 12:00:00,2679614,1248874,13.5,
2020-02-20 14:00:00,2679648,1248918,47.0,
2020-03-27 12:00:00,2679685,1248815,49.0,
2020-12-29 11:00:00,2679696,1248998,12.0,
2020-10-24 07:00:00,2679867,1248932,2.5,
2020-02-15 12:00:00,2679887,1250395,16.5,
2020-02-28 10:00:00,2679932,1249048,24.0,
2020-11-20 11:00:00,2679933,1249043,7.0,
2020-05-02 12:00:00,2679933,1250681,60.0,
2020-12-09 18:00:00,2679952,1250671,,18.5
2020-10-24 18:00:00,2679954,1248953,14.5,
2011-09-28 07:00:00,2680006,1250681,17.5,10.5
2020-09-08 19:00:00,2680031,1250681,,60.0
2020-11-12 07:00:00,2680031,1250681,,30.5
2020-08-10 07:00:00,2680055,1250615,,33.5
2011-11-23 15:00:00,2680057,1250682,3.0,14.5
2011-12-14 09:00:00,2680059,1250644,0.5,6.0
2011-10-20 13:00:00,2680064,1250695,3.0,19.0
2020-11-20 08:00:00,2680065,1250670,,16.5
2011-10-19 11:00:00,2680065,1250710,3.0,13.5
2020-02-11 07:00:00,2680065,1250710,31.0,
2011-12-19 17:00:00,2680065,1250711,2.5,2.5
2020-04-23 23:00:00,2680067,1250675,11.0,
2020-07-18 18:00:00,2680070,1250716,,48.5
2020-09-12 16:00:00,2680070,1250717,,32.0
2020-06-12 23:00:00,2680073,1250683,54.5,
2020-10-03 10:00:00,2680080,1250672,,5.5
2011-11-14 19:00:00,2680083,1250659,2.5,2.0
2020-06-06 14:00:00,2680086,1250579,67.5,
2020-05-02 20:00:00,2680091,1250670,21.0,
2020-02-17 11:00:00,2680096,1250764,34.0,
2020-08-06 10:00:00,2680097,1250651,,27.0
2020-09-01 16:00:00,2680122,1250540,,27.0
2011-10-09 00:00:00,2680135,1250651,0.0,0.0
2020-08-03 14:00:00,2680144,1250660,,9.0
2020-02-28 10:00:00,2680166,1250637,31.0,
2011-12-21 23:00:00,2680216,1250397,0.5,
2020-06-24 14:00:00,2680342,1249764,29.0,
2011-11-29 18:00:00,2680422,1252660,41.5,
2020-10-06 14:00:00,2680452,1252643,,11.5
2011-07-20 17:00:00,2680455,1252646,19.0,
2020-09-03 10:00:00,2680487,1249789,67.0,
2020-05-20 00:00:00,2680488,1250062,3.5,
2020-12-17 15:00:00,2680493,1252627,,26.0
2020-01-29 18:00:00,2680497,1252625,7.0,11.0
2020-11-04 17:00:00,2680499,1250050,105.0,
2011-01-05 19:00:00,2680532,1250024,13.0,
2011-02-06 15:00:00,2680553,1252586,53.0,
2020-01-03 13:00:00,2680556,1252485,12.0,32.5
2020-01-04 14:00:00,2680560,1249775,,187.5
2020-12-24 07:00:00,2680572,1252553,,3.0
2011-02-12 11:00:00,2680575,1252582,28.0,
2020-10-16 07:00:00,2680578,1252587,,8.0
2020-12-29 14:00:00,2680586,1252619,,32.0
2020-05-19 19:00:00,2680587,1252619,9.5,
2011-08-16 21:00:00,2680599,1252579,10.0,
2011-12-16 16:00:00,2680600,1252676,4.5,
2011-11-30 11:00:00,2680600,1252677,10.0,
2020-12-19 16:00:00,2680613,1252577,,26.5
2011-06-14 17:00:00,2680642,1252558,31.0,
2020-11-11 12:00:00,2680651,1252555,,12.0
2020-07-07 07:00:00,2680654,1252562,20.0,
2020-10-26 14:00:00,2680664,1252549,,4.0
2011-07-25 22:00:00,2680664,1252699,7.0,
2020-09-08 21:00:00,2680673,1252654,16.5,
2020-04-23 19:00:00,2680680,1252640,4.0,
2020-10-07 10:00:00,2680682,1252586,,18.0
2011-07-06 18:00:00,2680682,1252590,35.5,
2011-08-20 16:00:00,2680683,1252527,18.5,
2020-10-31 11:00:00,2680686,1252592,,22.5
2020-03-04 15:00:00,2680690,1252592,3.5,
2020-08-11 17:00:00,2680692,1252639,15.5,
2020-04-24 15:00:00,2680693,1252601,15.0,
2011-07-18 16:00:00,2680696,1252514,15.0,
2011-06-18 11:00:00,2680697,1252601,36.0,
2011-01-07 14:00:00,2680708,1252618,7.5,
2020-02-02 16:00:00,2680710,1252629,5.5,41.5
2020-05-14 16:00:00,2680713,1252632,4.0,
2020-10-09 12:00:00,2680714,1252512,,17.5
2020-12-04 13:00:00,2680719,1252485,,16.5
2020-11-17 16:00:00,2680738,1252489,,37.0
2020-07-23 18:00:00,2681177,1248590,355.5,
2020-07-09 18:00:00,2681195,1248566,391.5,
2020-04-12 15:00:00,2681198,1248562,107.0,
2020-12-19 06:00:00,2681199,1248563,3.0,
2020-08-22 09:00:00,2681206,1247746,8.0,
2020-03-24 09:00:00,2681208,1248549,41.5,
2011-05-02 09:00:00,2681219,1247750,32.0,
2011-07-11 06:00:00,2681224,1248490,18.5,
2011-06-01 19:00:00,2681229,1247795,32.0,
2011-11-08 10:00:00,2681235,1247612,16.5,
2020-06-27 01:00:00,2681242,1248523,,1.5
2011-07-14 15:00:00,2681268,1248577,5.5,
2020-04-04 10:00:00,2681278,1248585,,71.0
2020-03-03 19:00:00,2681297,1248615,,106.0
2020-05-13 06:00:00,2681299,1248571,,4.5
2020-08-11 18:00:00,2681301,1248620,,32.0
2011-11-12 15:00:00,2681303,1248481,32.0,
2011-04-05 16:00:00,2681307,1247711,35.5,
2020-07-02 06:00:00,2681311,1248579,,22.0
2011-07-15 12:00:00,2681312,1247588,30.5,
2020-06-30 18:00:00,2681315,1248639,,57.0
2020-05-26 16:00:00,2681316,1248545,,126.0
2011-11-09 17:00:00,2681320,1247789,43.0,
2011-05-21 06:00:00,2681324,1248610,2.5,
2020-05-05 19:00:00,2681325,1248624,,17.0
2020-04-16 14:00:00,2681327,1248632,,43.0
2011-04-12 16:00:00,2681328,1248646,10.5,
2011-04-12 17:00:00,2681334,1248657,18.5,
2020-07-28 23:00:00,2681336,1248450,,4.5
2011-01-16 19:00:00,2681337,1248662,3.5,
2011-02-18 14:00:00,2681349,1247891,14.0,
2011-08-02 16:00:00,2681350,1247550,31.0,
2020-06-30 20:00:00,2681356,1247917,22.5,
2020-07-24 09:00:00,2681356,1253118,6.5,
2011-02-15 12:00:00,2681360,1247786,15.0,
2011-04-13 18:00:00,2681379,1247727,49.5,
2020-01-11 00:00:00,2681379,1248472,,25.0
2020-12-31 03:00:00,2681381,1247735,0.5,
2020-07-30 18:00:00,2681385,1247621,48.0,
2011-05-27 22:00:00,2681391,1247879,19.5,
2011-07-01 20:00:00,2681393,1247589,42.0,
2020-06-11 12:00:00,2681394,1247730,30.5,
2020-06-01 15:00:00,2681396,1247589,19.0,
2011-06-10 14:00:00,2681398,1247746,30.0,
2020-12-18 10:00:00,2681404,1247768,13.0,
2020-10-16 21:00:00,2681410,1247813,5.0,
2020-12-09 14:00:00,2681417,1247766,4.5,
2020-11-27 20:00:00,2681417,1248772,56.0,
2020-12-09 15:00:00,2681418,1248774,25.0,
2020-08-24 18:00:00,2681425,1247718,53.5,
2020-07-19 10:00:00,2681425,1247726,12.0,
2011-01-11 16:00:00,2681426,1247760,9.5,
2011-05-31 09:00:00,2681434,1247640,26.0,
2020-11-03 14:00:00,2681444,1247628,15.0,
2020-02-14 14:00:00,2681447,1247573,19.5,
2011-12-22 14:00:00,2681449,1247903,6.5,
2020-06-30 07:00:00,2681458,1247572,56.0,
2011-01-12 18:00:00,2681469,1247735,24.0,
2011-04-05 20:00:00,2681474,1247734,38.0,
2020-06-04 18:00:00,2681482,1247888,15.0,
2011-05-20 08:00:00,2681484,1247741,65.0,
2020-02-29 15:00:00,2681498,1247606,30.0,
2020-10-25 18:00:00,2681510,1247590,0.5,
2011-03-31 17:00:00,2681513,1247673,32.0,
2011-09-21 21:00:00,2681516,1247675,25.5,
2020-02-07 08:00:00,2681525,1247659,42.0,
2020-06-26 17:00:00,2681537,1247854,47.5,
2020-03-25 06:00:00,2681543,1247745,3.5,
2020-05-28 14:00:00,2681561,1247716,39.5,
2011-10-30 11:00:00,2681562,1247713,8.0,
2020-01-30 18:00:00,2681564,1247701,36.5,
2011-01-13 09:00:00,2681566,1247706,9.5,
2011-10-30 15:00:00,2681569,1247672,29.5,
2020-03-09 06:00:00,2681571,1247673,7.0,
2020-02-05 23:00:00,2681574,1247699,7.0,
2011-05-27 22:00:00,2681575,1247679,19.5,
2020-08-07 09:00:00,2681575,1247693,23.0,
2011-08-22 15:00:00,2681580,1247751,26.5,
2011-05-02 10:00:00,2681758,1252029,12.5,
2011-02-04 17:00:00,2681845,1251831,11.0,
2011-09-28 17:00:00,2681886,1251847,3.5,23.5
2011-08-25 15:00:00,2681894,1251847,1.5,12.5
2011-08-26 11:00:00,2681899,1251839,1.0,9.0
2011-07-28 10:00:00,2681921,1251826,1.5,8.0
2020-01-18 12:00:00,2681951,1251837,,213.0
2020-09-13 17:00:00,2681955,1251993,64.0,
2011-04-11 11:00:00,2681973,1252020,5.5,25.0
2020-04-01 08:00:00,2681990,1249130,,19.5
2020-11-02 19:00:00,2681990,1249131,71.0,
2011-12-07 20:00:00,2682003,1249123,0.0,2.0
2011-06-27 13:00:00,2682019,1249127,2.5,15.0
2011-04-13 17:00:00,2682033,1249161,2.0,15.5
2011-06-30 15:00:00,2682048,1249079,0.5,9.0
2020-11-13 15:00:00,2682049,1248973,63.5,
2011-10-25 18:00:00,2682052,1252037,1.0,12.5
2020-05-15 19:00:00,2682060,1248998,,45.5
2011-10-25 14:00:00,2682083,1249066,2.5,19.5
2020-01-12 05:00:00,2682098,1248326,,43.5
2020-10-27 22:00:00,2682107,1248280,,6.5
2011-07-26 03:00:00,2682127,1248360,0.0,
2020-12-16 18:00:00,2682128,1249162,92.0,
2020-09-10 21:00:00,2682153,1248209,,5.0
2011-06-23 12:00:00,2682164,1248943,0.0,37.5
2011-12-18 20:00:00,2682169,1249310,0.0,1.5
2020-04-24 17:00:00,2682172,1249138,,35.5
2020-06-23 21:00:00,2682174,1248229,,39.5
2020-09-24 14:00:00,2682178,1249140,16.0,
2011-04-06 17:00:00,2682183,1249074,7.0,13.5
2020-07-12 11:00:00,2682183,1249124,3.5,
2020-12-09 10:00:00,2682188,1249124,23.5,
2011-03-18 22:00:00,2682190,1247079,6.5,
2011-03-17 19:00:00,2682193,1249285,0.0,2.5
2020-12-22 12:00:00,2682196,1249290,46.0,
2020-01-16 12:00:00,2682212,1249279,,62.0
2011-10-08 14:00:00,2682213,1247066,11.0,
2011-09-18 20:00:00,2682213,1247073,5.5,
2020-06-04 12:00:00,2682213,1249278,3.0,
2020-02-21 01:00:00,2682214,1248245,,0.0
2020-11-26 22:00:00,2682217,1248295,,2.0
2011-06-16 17:00:00,2682218,1248979,3.0,11.0
2020-12-08 18:00:00,2682223,1248935,106.0,
2020-08-27 07:00:00,2682229,1248136,27.5,
2020-03-28 15:00:00,2682229,1248192,53.0,
2020-11-21 03:00:00,2682229,1249094,1.0,
2020-09-04 22:00:00,2682230,1248204,22.0,
2020-06-22 06:00:00,2682232,1247051,,1.0
2011-08-08 17:00:00,2682235,1247174,37.5,
2020-02-21 12:00:00,2682237,1248135,34.5,
2020-03-08 01:00:00,2682238,1248197,1.0,
2020-09-27 04:00:00,2682239,1248197,1.0,
2020-04-13 19:00:00,2682242,1247063,,25.0
2020-12-18 14:00:00,2682243,1248213,17.0,
2020-09-18 04:00:00,2682246,1248208,0.5,
2020-11-09 17:00:00,2682246,1248969,136.0,
2011-10-29 01:00:00,2682247,1249075,0.0,0.0
2020-09-28 10:00:00,2682248,1247061,,6.5
2020-10-31 00:00:00,2682248,1248207,1.5,
2020-02-24 15:00:00,2682252,1247061,,112.0
2020-07-19 01:00:00,2682253,1248236,5.5,
2011-09-10 12:00:00,2682255,1248943,27.0,15.0
2020-02-14 00:00:00,2682256,1248242,2.0,
2020-10-11 04:00:00,2682258,1248253,0.0,
2020-02-28 10:00:00,2682259,1248983,,32.0
2020-02-02 22:00:00,2682262,1248255,2.5,
2011-04-27 18:00:00,2682264,1247047,64.0,
2020-07-30 09:00:00,2682266,1247042,,13.5
2011-06-17 11:00:00,2682267,1247045,42.0,
2011-01-12 12:00:00,2682268,1247214,16.0,
2020-09-15 08:00:00,2682269,1247059,,16.0
2011-06-07 07:00:00,2682271,1247040,116.0,
2020-08-21 18:00:00,2682272,1247054,,23.0
2020-02-24 11:00:00,2682274,1246960,,94.5
2011-04-04 22:00:00,2682274,1249216,0.0,0.0
2020-07-02 20:00:00,2682276,1247055,,9.5
2020-07-06 19:00:00,2682276,1248274,,150.5
2020-03-04 18:00:00,2682277,1247051,,191.0
2011-10-10 13:00:00,2682278,1249211,2.5,11.5
2011-09-09 17:00:00,2682279,1247049,99.5,
2011-09-19 15:00:00,2682279,1247052,28.5,
2020-08-12 17:00:00,2682279,1247058,,19.5
2011-03-05 02:00:00,2682279,1249031,0.0,0.0
2011-11-15 15:00:00,2682282,1247036,22.5,
2011-11-01 12:00:00,2682282,1247134,28.5,
2020-02-08 23:00:00,2682283,1247056,,221.0
2020-10-12 18:00:00,2682284,1248269,35.5,
2020-08-26 20:00:00,2682286,1247060,,11.5
2020-07-07 13:00:00,2682286,1248530,,122.0
2020-03-09 12:00:00,2682286,1249019,,31.0
2020-09-30 13:00:00,2682290,1246974,,13.0
2011-04-16 21:00:00,2682290,1249197,0.0,1.5
2020-11-13 12:00:00,2682291,1248318,23.5,
2011-08-10 17:00:00,2682292,1247049,98.0,
2020-10-07 19:00:00,2682292,1248262,21.0,
2020-06-20 02:00:00,2682292,1248363,4.0,
2011-09-12 17:00:00,2682292,1249024,36.0,16.5
2011-10-29 01:00:00,2682292,1249035,0.0,0.0
2020-08-13 16:00:00,2682296,1248253,20.5,
2011-03-07 16:00:00,2682300,1247078,30.0,
2020-04-05 14:00:00,2682301,1247073,,25.5
2020-11-18 22:00:00,2682301,1248328,6.5,
2020-12-21 18:00:00,2682303,1249054,50.0,
2020-02-29 23:00:00,2682308,1248400,0.0,
2020-01-14 19:00:00,2682309,1248174,59.0,
2020-12-04 23:00:00,2682309,1248244,6.0,
2020-07-26 21:00:00,2682309,1248256,19.0,
2011-04-21 01:00:00,2682309,1248375,0.0,
2011-12-14 13:00:00,2682311,1247032,13.5,
2011-05-26 16:00:00,2682313,1247034,66.0,
2020-04-24 16:00:00,2682314,1247089,,75.0
2020-10-04 03:00:00,2682314,1248243,0.5,
2020-01-21 17:00:00,2682315,1248370,,303.0
2011-03-27 03:00:00,2682315,1248408,0.0,
2011-02-25 23:00:00,2682316,1249162,0.0,0.0
2011-03-18 19:00:00,2682318,1247089,29.0,
2020-12-05 19:00:00,2682318,1248383,,54.0
2020-12-12 10:00:00,2682319,1247092,,59.5
2020-11-14 19:00:00,2682319,1248384,,57.0
2020-10-12 15:00:00,2682320,1248492,49.5,
2020-01-25 13:00:00,2682321,1249149,,34.5
2020-05-21 20:00:00,2682322,1248381,,114.0
2020-06-03 17:00:00,2682322,1248425,,358.0
2011-06-25 10:00:00,2682322,1248442,5.5,
2011-07-19 08:00:00,2682323,1247092,50.5,
2011-03-08 08:00:00,2682326,1247018,71.0,
2020-05-04 14:00:00,2682327,1247101,,11.0
2020-07-16 08:00:00,2682328,1248462,,83.0
2020-06-07 01:00:00,2682329,1248390,,48.5
2020-07-27 14:00:00,2682330,1247005,,8.0
2011-02-25 12:00:00,2682333,1246990,12.0,
2011-04-09 21:00:00,2682338,1249138,2.0,0.5
2020-02-24 11:00:00,2682341,1248420,5.5,
2020-01-03 18:00:00,2682342,1247008,,142.0
2020-10-30 08:00:00,2682342,1249148,115.0,
2011-12-06 12:00:00,2682344,1247018,12.5,
2011-09-01 07:00:00,2682345,1246982,68.5,
2020-08-04 23:00:00,2682349,1246976,,2.0
2020-08-27 18:00:00,2682353,1248443,54.0,
2020-06-08 23:00:00,2682353,1248472,17.0,
2020-08-29 11:00:00,2682355,1249085,12.0,
2020-10-10 09:00:00,2682356,1248469,15.5,
2020-05-30 12:00:00,2682357,1246987,,14.5
2011-03-14 14:00:00,2682359,1247123,27.5,
2020-06-04 08:00:00,2682359,1249074,6.0,
2020-12-23 11:00:00,2682359,1249101,48.5,
2011-04-24 03:00:00,2682361,1249119,0.0,0.0
2020-09-11 17:00:00,2682363,1247132,,14.0
2020-05-05 10:00:00,2682365,1248557,19.5,
2011-02-28 09:00:00,2682366,1249102,0.5,6.5
2011-10-01 21:00:00,2682369,1247034,12.5,
2020-09-01 16:00:00,2682371,1247036,,18.0
2020-12-11 14:00:00,2682373,1248497,59.5,
2020-07-13 11:00:00,2682380,1248219,,124.0
2020-09-04 17:00:00,2682381,1246867,,15.5
2011-01-01 01:00:00,2682382,1246980,6.0,
2020-06-11 08:00:00,2682388,1248551,128.5,
2020-04-10 20:00:00,2682389,1248526,23.0,
2020-11-13 16:00:00,2682393,1248534,103.0,
2020-06-02 17:00:00,2682393,1248542,197.5,
2020-04-30 11:00:00,2682395,1248197,14.5,
2020-06-02 07:00:00,2682401,1248534,140.5,
2011-09-13 16:00:00,2682407,1247176,71.0,
2020-06-15 03:00:00,2682410,1248197,0.0,
2020-09-10 12:00:00,2682411,1248456,23.0,
2020-07-14 08:00:00,2682411,1248459,183.5,
2020-01-26 05:00:00,2682412,1248574,1.0,
2020-07-28 11:00:00,2682440,1248623,67.5,
2011-12-24 15:00:00,2682441,1247125,9.0,
2020-10-31 12:00:00,2682443,1248626,81.5,
2020-08-05 13:00:00,2682444,1248620,73.5,
2020-09-03 12:00:00,2682444,1248623,88.0,
2020-08-29 17:00:00,2682445,1248520,44.0,
2020-03-11 08:00:00,2682448,1246895,,88.5
2020-08-29 17:00:00,2682449,1248492,44.0,
2020-09-08 20:00:00,2682460,1248602,125.5,
2020-08-11 19:00:00,2682466,1248598,146.0,
2020-08-07 17:00:00,2682467,1248597,151.5,
2020-04-17 15:00:00,2682470,1248424,6.0,
2020-02-17 15:00:00,2682470,1248602,7.0,
2020-10-15 09:00:00,2682474,1248599,80.5,
2020-04-14 07:00:00,2682479,1248601,72.0,
2020-01-26 11:00:00,2682490,1247187,,39.5
2020-09-10 19:00:00,2682494,1247117,,15.0
2020-02-07 08:00:00,2682495,1247044,,99.0
2020-02-07 22:00:00,2682497,1248469,10.5,
2020-11-25 14:00:00,2682502,1248469,20.0,
2011-09-23 08:00:00,2682523,1247074,94.5,
2020-12-08 16:00:00,2682527,1248537,67.0,
2020-12-19 15:00:00,2682529,1247709,42.5,
2020-09-30 11:00:00,2682532,1246993,,7.0
2020-09-28 11:00:00,2682541,1248420,16.5,
2020-08-11 23:00:00,2682552,1250194,,6.0
2020-07-09 17:00:00,2682556,1250272,,412.5
2020-10-13 09:00:00,2682557,1250265,,38.0
2011-10-16 17:00:00,2682561,1250274,7.0,
2011-02-14 14:00:00,2682563,1247097,15.0,
2011-05-23 11:00:00,2682565,1247102,38.0,
2011-08-10 18:00:00,2682568,1247629,101.5,
2011-04-15 15:00:00,2682569,1250266,6.5,16.0
2011-02-01 19:00:00,2682570,1250241,0.0,5.5
2011-04-04 07:00:00,2682572,1250272,0.0,1.5
2020-10-04 22:00:00,2682573,1247362,39.5,
2011-08-16 15:00:00,2682574,1250204,25.0,
2020-09-30 13:00:00,2682574,1250283,,98.5
2020-04-24 08:00:00,2682574,1250286,,115.0
2020-05-14 09:00:00,2682576,1250205,,92.5
2020-10-31 16:00:00,2682577,1250272,,55.5
2011-09-13 23:00:00,2682577,1250275,12.0,
2011-06-11 18:00:00,2682580,1250257,2.5,13.5
2020-08-05 19:00:00,2682580,1250258,,53.0
2020-04-11 17:00:00,2682581,1250256,,226.0
2020-04-02 18:00:00,2682581,1250257,119.5,
2020-06-14 01:00:00,2682605,1250349,,67.0
2020-07-28 19:00:00,2682606,1247397,293.0,
2020-10-15 19:00:00,2682608,1250220,,63.5
2011-06-24 14:00:00,2682609,1247649,28.0,
2020-02-05 18:00:00,2682611,1247419,238.5,
2020-05-20 17:00:00,2682616,1250371,,386.5
2011-06-29 09:00:00,2682617,1250297,1.5,13.0
2020-10-17 00:00:00,2682623,1250225,,10.5
2020-10-06 19:00:00,2682625,1247173,173.0,
2011-08-04 16:00:00,2682628,1250349,39.0,
2020-10-22 16:00:00,2682633,1250230,,52.5
2020-11-12 13:00:00,2682634,1250353,,81.5
2011-01-22 01:00:00,2682636,1250355,0.0,0.0
2020-05-22 14:00:00,2682638,1250231,,265.0
2020-11-24 08:00:00,2682639,1250226,,39.5
2020-01-09 09:00:00,2682641,1247875,,185.0
2011-11-09 05:00:00,2682641,1247877,1.5,
2020-01-19 20:00:00,2682641,1250226,19.0,
2020-10-20 09:00:00,2682642,1247883,,204.0
2020-11-10 15:00:00,2682642,1247883,,210.0
2020-11-26 18:00:00,2682644,1247485,255.0,
2020-08-06 19:00:00,2682647,1247485,305.0,
2011-10-09 13:00:00,2682650,1250363,11.0,
2011-10-08 22:00:00,2682652,1250235,6.0,
2020-08-10 16:00:00,2682655,1250364,,81.0
2011-10-08 21:00:00,2682656,1250192,5.0,
2020-04-30 14:00:00,2682657,1250236,,82.5
2020-11-27 19:00:00,2682660,1247533,82.0,
2020-01-24 14:00:00,2682669,1250211,41.5,
2020-04-01 17:00:00,2682669,1250359,103.0,
2020-10-20 13:00:00,2682670,1250194,,80.5
2020-11-26 17:00:00,2682674,1247843,,304.5
2020-07-18 17:00:00,2682677,1247564,132.0,
2011-11-09 17:00:00,2682678,1247747,63.0,
2020-06-19 17:00:00,2682680,1250260,,367.0
2020-10-31 08:00:00,2682686,1247826,,30.5
2020-05-13 20:00:00,2682688,1247821,,55.5
2020-01-23 10:00:00,2682690,1250248,36.5,
2011-11-03 09:00:00,2682690,1250250,22.0,
2020-01-05 15:00:00,2682691,1247768,,163.0
2020-08-08 12:00:00,2682692,1247466,201.0,
2011-07-03 10:00:00,2682693,1247811,17.5,
2020-03-18 17:00:00,2682699,1250250,129.5,
2020-08-25 16:00:00,2682701,1250251,,106.0
2020-11-28 00:00:00,2682702,1247811,,56.5
2020-09-05 15:00:00,2682702,1250252,,59.5
2020-10-02 18:00:00,2682709,1250265,,112.0
2020-10-18 03:00:00,2682710,1250305,,1.0
2020-05-06 16:00:00,2682710,1250598,,102.5
2020-03-03 07:00:00,2682725,1247831,,195.5
2020-10-19 07:00:00,2682731,1246516,29.5,
2020-01-27 05:00:00,2682731,1247600,,12.5
2020-05-26 16:00:00,2682732,1247136,235.0,
2020-11-25 09:00:00,2682733,1246516,10.5,
2020-01-21 09:00:00,2682734,1247350,123.5,
2020-10-27 11:00:00,2682735,1247344,128.0,
2020-04-28 11:00:00,2682735,1250641,,62.0
2020-09-11 10:00:00,2682736,1246519,7.0,
2011-10-02 11:00:00,2682737,1250685,20.0,
2020-06-12 14:00:00,2682738,1247449,203.0,
2020-08-24 10:00:00,2682742,1247559,57.0,
2020-09-03 14:00:00,2682748,1247444,180.0,
2020-10-12 23:00:00,2682748,1247460,25.0,
2020-08-26 12:00:00,2682752,1247551,122.0,
2011-12-08 14:00:00,2682753,1246609,16.5,
2020-06-06 14:00:00,2682753,1247318,284.0,
2020-02-02 17:00:00,2682753,1247441,59.0,
2020-07-01 23:00:00,2682756,1247838,,131.5
2020-07-04 21:00:00,2682757,1247321,,47.5
2020-01-26 03:00:00,2682757,1247559,,78.0
2020-07-28 19:00:00,2682757,1247695,130.0,
2020-11-08 11:00:00,2682758,1247700,36.0,
2020-02-23 13:00:00,2682759,1247546,,129.0
2020-05-16 16:00:00,2682760,1247699,130.0,
2020-06-28 20:00:00,2682762,1247310,,32.0
2011-09-15 19:00:00,2682764,1248747,38.5,
2020-09-19 00:00:00,2682765,1247457,,41.5
2020-09-18 11:00:00,2682766,1247458,,117.0
2020-10-04 14:00:00,2682766,1247489,,72.0
2020-05-25 14:00:00,2682766,1247545,84.0,
2020-07-09 18:00:00,2682767,1247488,,168.5
2020-08-13 19:00:00,2682767,1247490,,102.5
2020-12-17 13:00:00,2682769,1245379,6.5,
2020-03-29 14:00:00,2682769,1246059,30.0,
2020-03-26 17:00:00,2682770,1247489,,49.5
2011-09-27 17:00:00,2682770,1248745,47.0,
2011-11-26 04:00:00,2682770,1248753,1.0,
2020-12-16 10:00:00,2682771,1247488,,80.0
2020-10-03 02:00:00,2682774,1247433,,11.0
2011-10-15 23:00:00,2682774,1250600,3.0,
2020-02-26 10:00:00,2682776,1245958,27.0,
2020-07-23 18:00:00,2682776,1247438,,131.5
2020-10-15 00:00:00,2682778,1246618,0.5,
2020-05-31 03:00:00,2682778,1247892,,27.0
2020-07-07 13:00:00,2682778,1250722,,165.5
2020-06-24 18:00:00,2682781,1246543,39.5,
2011-09-18 01:00:00,2682781,1247881,5.0,
2020-05-29 16:00:00,2682781,1250727,,132.5
2011-05-31 10:00:00,2682784,1245922,32.0,
2011-07-06 12:00:00,2682785,1245921,57.5,
2011-10-17 11:00:00,2682785,1245921,13.5,
2011-12-13 16:00:00,2682785,1245921,19.5,
2020-10-01 12:00:00,2682786,1247450,,227.0
2020-09-20 19:00:00,2682786,1247535,63.0,
2011-08-27 18:00:00,2682787,1250737,28.0,
2020-02-05 13:00:00,2682788,1247866,,184.0
2011-11-29 10:00:00,2682788,1247867,22.5,
2011-06-05 19:00:00,2682789,1245871,75.5,
2020-10-04 02:00:00,2682789,1247530,6.0,
2020-09-16 15:00:00,2682789,1247533,110.0,
2020-11-15 01:00:00,2682791,1247889,,26.0
2011-04-02 15:00:00,2682793,1245830,105.5,
2020-10-18 18:00:00,2682793,1247416,,48.5
2020-10-10 12:00:00,2682793,1247864,,108.0
2011-12-18 13:00:00,2682795,1247893,8.0,
2011-05-27 15:00:00,2682796,1246497,22.0,
2020-07-13 01:00:00,2682796,1247204,,1.0
2020-06-04 11:00:00,2682797,1247528,34.0,
2020-06-04 07:00:00,2682797,1247550,41.0,
2020-09-01 07:00:00,2682800,1247551,114.0,
2011-11-10 09:00:00,2682801,1248943,26.5,
2020-12-05 23:00:00,2682802,1247453,,21.5
2020-01-22 10:00:00,2682803,1247375,3.0,
2020-12-18 15:00:00,2682804,1247252,,124.5
2011-05-21 16:00:00,2682808,1248938,46.0,
2020-05-08 07:00:00,2682809,1247514,,34.0
2011-11-09 14:00:00,2682810,1245709,22.5,
2020-01-01 05:00:00,2682811,1247444,0.0,
2020-08-06 08:00:00,2682812,1246417,39.0,
2020-01-23 09:00:00,2682813,1247469,4.5,
2020-01-23 03:00:00,2682815,1247575,,7.5
2020-07-27 12:00:00,2682816,1247579,113.0,
2020-05-18 16:00:00,2682817,1247510,,100.5
2011-06-07 14:00:00,2682817,1248367,39.5,
2020-05-20 17:00:00,2682818,1245667,61.0,
2020-12-13 13:00:00,2682818,1247449,,32.0
2020-07-11 22:00:00,2682818,1247474,,27.0
2020-09-11 11:00:00,2682818,1247765,88.0,
2020-06-04 14:00:00,2682822,1246639,1.0,
2020-03-12 10:00:00,2682824,1247580,,127.0
2020-04-29 14:00:00,2682826,1246470,5.5,
2020-09-23 13:00:00,2682827,1245484,5.5,
2020-04-28 08:00:00,2682829,1247232,,39.5
2020-10-22 09:00:00,2682830,1247605,57.0,
2020-12-20 12:00:00,2682830,1248358,,138.5
2011-12-17 20:00:00,2682831,1246439,11.0,
2011-08-23 09:00:00,2682831,1246646,34.5,
2020-05-16 14:00:00,2682832,1247243,,164.0
2020-09-24 11:00:00,2682832,1247791,71.0,
2020-10-18 16:00:00,2682832,1248931,19.5,
2011-03-14 07:00:00,2682833,1245696,47.0,
2020-09-17 09:00:00,2682833,1247175,,91.0
2011-10-29 05:00:00,2682834,1246425,1.5,
2011-02-13 12:00:00,2682834,1246445,15.0,
2020-02-24 09:00:00,2682834,1246639,36.5,
2020-06-13 00:00:00,2682835,1246401,4.0,
2020-08-30 01:00:00,2682836,1247808,5.0,
2011-04-18 22:00:00,2682836,1248892,11.0,
2020-05-24 18:00:00,2682839,1247215,,48.0
2020-12-27 19:00:00,2682840,1245720,3.5,
2020-08-11 18:00:00,2682842,1247458,,170.5
2020-05-10 18:00:00,2682846,1246278,200.0,
2020-10-26 17:00:00,2682847,1246270,25.0,
2020-08-30 13:00:00,2682847,1246454,0.5,
2020-09-25 20:00:00,2682849,1246176,5.0,
2020-12-02 13:00:00,2682853,1247465,,96.5
2020-02-26 16:00:00,2682855,1247326,,69.0
2020-06-08 13:00:00,2682856,1244240,,88.5
2011-12-03 11:00:00,2682857,1245972,17.5,
2011-03-03 19:00:00,2682857,1246019,21.0,
2020-08-10 16:00:00,2682857,1246456,18.0,
2020-01-27 15:00:00,2682857,1247826,,169.5
2020-11-06 09:00:00,2682858,1247199,,57.5
2011-09-08 12:00:00,2682859,1245946,26.0,
2020-08-11 15:00:00,2682859,1245979,0.0,41.5
2020-09-08 18:00:00,2682859,1246461,40.0,
2011-09-27 18:00:00,2682861,1245715,82.0,
2020-01-24 13:00:00,2682861,1247403,3.0,
2020-02-29 01:00:00,2682861,1247830,,129.0
2020-07-13 18:00:00,2682863,1244249,,215.0
2011-05-13 20:00:00,2682864,1248889,25.5,
2020-12-23 16:00:00,2682865,1247818,63.0,
2020-10-26 16:00:00,2682866,1244244,,148.0
2020-10-25 12:00:00,2682867,1244243,,93.5
2020-10-22 11:00:00,2682868,1244242,,104.0
2011-12-31 16:00:00,2682868,1246458,10.0,
2020-08-05 17:00:00,2682869,1245602,112.0,
2020-08-01 23:00:00,2682870,1246166,13.0,
2020-01-22 16:00:00,2682871,1245586,,170.5
2020-02-25 11:00:00,2682872,1248884,30.0,
2020-07-19 02:00:00,2682873,1245891,0.0,10.0
2020-02-07 06:00:00,2682874,1245622,21.0,
2020-08-12 17:00:00,2682874,1246471,32.5,
2020-10-02 23:00:00,2682874,1247570,31.0,
2020-03-24 08:00:00,2682875,1247831,,114.5
2020-07-01 18:00:00,2682877,1245611,133.0,
2020-08-21 15:00:00,2682877,1245646,73.5,
2020-12-08 17:00:00,2682877,1246028,36.0,
2020-05-25 09:00:00,2682877,1247665,62.0,
2020-07-22 18:00:00,2682881,1244204,,161.0
2020-10-09 11:00:00,2682881,1246052,29.5,
2020-06-17 16:00:00,2682881,1247810,57.0,
2020-09-09 10:00:00,2682882,1247412,,65.5
2020-09-12 14:00:00,2682885,1245692,43.0,
2020-12-18 13:00:00,2682885,1246020,35.5,
2020-02-14 05:00:00,2682886,1245717,4.0,
2020-03-11 17:00:00,2682887,1245716,142.0,
2020-04-11 18:00:00,2682888,1247294,,51.0
2020-09-21 17:00:00,2682889,1244213,,331.5
2020-09-08 10:00:00,2682889,1246676,13.5,
2020-12-16 13:00:00,2682891,1246677,7.0,
2020-07-30 09:00:00,2682892,1245697,0.0,40.0
2020-01-23 07:00:00,2682892,1246679,57.0,
2011-11-25 13:00:00,2682893,1246484,20.5,
2011-05-18 09:00:00,2682895,1246490,45.0,
2011-04-28 17:00:00,2682895,1246492,43.0,
2020-02-21 22:00:00,2682895,1247697,,216.0
2020-05-12 20:00:00,2682895,1248866,129.5,
2020-01-11 23:00:00,2682896,1247311,0.0,
2020-09-03 21:00:00,2682897,1244178,,66.5
2020-06-29 00:00:00,2682898,1248863,0.5,
2020-08-12 14:00:00,2682898,1248863,19.5,
2020-08-27 17:00:00,2682900,1247288,,173.0
2020-12-17 13:00:00,2682902,1247605,80.0,
2020-01-25 14:00:00,2682906,1247802,,262.5
2011-05-30 16:00:00,2682906,1248860,36.0,
2011-07-21 01:00:00,2682907,1248056,1.0,
2020-11-11 16:00:00,2682910,1248876,25.0,
2020-05-11 13:00:00,2682912,1248869,75.0,
2011-04-30 22:00:00,2682914,1248356,6.5,
2020-06-18 21:00:00,2682914,1248847,17.0,
2020-03-05 10:00:00,2682915,1248849,18.0,
2011-02-06 06:00:00,2682919,1248844,0.5,
2020-02-23 12:00:00,2682919,1248854,29.5,
2011-07-21 11:00:00,2682920,1248840,16.0,
2011-01-31 08:00:00,2682920,1248879,20.0,
2020-04-17 08:00:00,2682922,1248842,152.0,
2011-09-20 07:00:00,2682922,1248880,49.5,
2020-10-23 19:00:00,2682924,1246512,6.5,
2011-08-18 17:00:00,2682927,1248402,95.5,
2020-07-18 12:00:00,2682927,1248831,48.5,
2020-03-10 18:00:00,2682931,1246601,71.5,
2020-02-21 07:00:00,2682931,1248894,42.0,
2011-08-31 13:00:00,2682932,1248264,53.5,
2011-10-25 11:00:00,2682935,1248856,11.5,
2020-01-27 13:00:00,2682938,1248333,,13.0
2011-03-09 14:00:00,2682944,1246517,21.0,
2020-10-14 15:00:00,2682945,1247350,,86.0
2020-09-03 02:00:00,2682948,1248844,1.0,
2020-09-24 23:00:00,2682949,1248863,4.0,
2020-05-05 19:00:00,2682950,1246529,5.5,
2020-03-03 22:00:00,2682951,1246559,25.0,
2020-09-04 14:00:00,2682954,1246710,16.5,
2020-09-21 13:00:00,2682955,1248037,29.5,
2020-08-11 11:00:00,2682956,1246535,8.5,
2020-11-16 11:00:00,2682957,1246536,3.0,
2011-06-28 14:00:00,2682958,1246539,26.0,
2020-06-24 10:00:00,2682959,1248035,15.5,
2011-12-06 19:00:00,2682963,1246536,17.5,
2020-01-01 05:00:00,2682964,1248220,0.0,
2020-05-27 18:00:00,2682979,1248813,408.5,
2020-01-13 10:00:00,2682980,1248212,5.5,
2020-03-11 11:00:00,2682981,1246557,26.0,
2020-09-25 21:00:00,2682981,1248220,8.5,
2020-09-16 14:00:00,2682982,1246663,10.0,
2020-11-20 07:00:00,2682985,1243962,,116.5
2011-09-30 10:00:00,2682985,1246647,16.5,
2020-12-06 18:00:00,2682988,1248242,4.0,
2020-06-13 17:00:00,2682989,1246547,17.5,
2020-02-22 02:00:00,2682989,1248243,1.0,
2020-03-04 10:00:00,2682992,1243950,30.0,
2011-04-04 15:00:00,2682994,1246552,18.0,
2020-05-09 23:00:00,2682995,1248239,8.0,
2020-08-15 19:00:00,2682996,1243940,,85.0
2020-10-17 09:00:00,2682996,1246552,3.0,
2020-12-26 18:00:00,2682996,1248954,1.5,
2011-12-22 22:00:00,2682997,1246643,6.0,
2020-04-09 15:00:00,2683000,1243942,,75.5
2011-09-08 13:00:00,2683001,1246597,22.0,
2011-03-07 08:00:00,2683002,1248946,34.5,
2011-06-20 07:00:00,2683003,1246620,53.0,
2020-09-09 13:00:00,2683010,1248205,28.0,
2020-06-03 18:00:00,2683012,1248186,70.5,
2020-02-16 15:00:00,2683013,1248185,38.5,
2020-05-15 15:00:00,2683019,1246583,6.0,
2020-10-11 13:00:00,2683021,1246562,4.0,
2011-01-04 17:00:00,2683021,1248941,8.0,
2020-06-18 21:00:00,2683025,1248176,13.0,
2020-07-10 15:00:00,2683025,1248178,46.5,
2020-08-31 18:00:00,2683025,1248361,54.5,
2020-08-16 02:00:00,2683026,1246574,0.0,
2020-02-09 16:00:00,2683026,1248342,22.5,
2020-12-02 08:00:00,2683026,1248759,99.5,
2020-01-05 11:00:00,2683029,1248759,16.0,
2020-07-11 17:00:00,2683030,1246589,5.5,
2020-04-27 11:00:00,2683031,1248392,,14.5
2011-01-26 11:00:00,2683031,1248953,6.0,
2011-05-21 14:00:00,2683031,1248953,47.0,
2011-06-28 07:00:00,2683031,1248953,81.0,
2020-07-30 16:00:00,2683032,1248398,30.5,
2011-07-30 15:00:00,2683032,1248954,25.0,
2020-04-06 16:00:00,2683034,1246592,67.5,
2020-02-02 18:00:00,2683050,1248182,4.0,
2020-04-24 12:00:00,2683050,1248979,164.0,
2011-04-19 19:00:00,2683075,1247274,58.0,
2020-04-19 18:00:00,2683078,1248167,57.5,
2020-01-12 15:00:00,2683085,1248163,14.0,
2011-12-01 18:00:00,2683086,1247234,34.5,
2011-10-05 07:00:00,2683092,1247301,56.0,
2011-10-20 09:00:00,2683108,1247269,5.5,
2011-08-08 22:00:00,2683109,1247113,14.5,
2020-12-12 00:00:00,2683109,1247232,6.0,
2011-10-16 17:00:00,2683109,1248658,14.0,
2020-10-31 15:00:00,2683111,1248664,133.0,
2020-03-11 09:00:00,2683118,1247181,,177.0
2020-06-29 11:00:00,2683160,1248771,31.5,
2020-05-11 09:00:00,2683171,1247174,,10.0
2020-06-18 20:00:00,2683178,1247117,19.5,
2011-09-16 22:00:00,2683186,1247239,4.5,
2011-05-05 12:00:00,2683190,1247397,28.0,
2020-12-09 13:00:00,2683206,1246839,,59.5
2020-07-26 16:00:00,2683208,1246776,,66.5
2020-10-03 20:00:00,2683218,1247040,23.0,
2020-02-01 15:00:00,2683218,1251601,,171.0
2011-11-04 18:00:00,2683219,1246763,0.0,4.0
2020-07-04 09:00:00,2683219,1246768,,42.0
2020-03-06 15:00:00,2683219,1247041,,149.5
2020-02-19 16:00:00,2683219,1251596,,144.5
2020-07-18 16:00:00,2683220,1246739,,60.0
2020-08-19 11:00:00,2683221,1246738,,104.5
2020-05-15 10:00:00,2683221,1247037,,7.0
2020-02-12 11:00:00,2683223,1247130,,115.0
2020-11-04 12:00:00,2683224,1251606,,51.0
2020-02-29 20:00:00,2683229,1246731,,67.0
2020-03-24 10:00:00,2683230,1246729,,25.0
2020-08-19 09:00:00,2683230,1246752,,73.5
2020-05-21 11:00:00,2683230,1247116,,17.0
2020-06-16 11:00:00,2683237,1247091,45.0,
2011-05-26 17:00:00,2683237,1251513,26.5,10.0
2020-09-04 10:00:00,2683239,1246935,69.0,
2011-10-22 16:00:00,2683240,1246759,5.0,29.0
2011-11-19 05:00:00,2683242,1246747,0.0,0.0
2011-09-05 05:00:00,2683243,1246762,0.0,0.0
2011-06-07 14:00:00,2683246,1247167,39.5,
2011-07-06 11:00:00,2683247,1247176,37.5,
2020-07-11 18:00:00,2683254,1246937,113.0,
2011-08-29 09:00:00,2683254,1251620,4.5,12.5
2020-06-25 10:00:00,2683255,1246748,,47.5
2011-09-02 12:00:00,2683257,1246770,1.5,49.5
2020-11-17 17:00:00,2683259,1247018,,60.0
2020-11-07 12:00:00,2683260,1246771,,99.5
2020-02-28 14:00:00,2683260,1247050,,171.5
2020-06-29 12:00:00,2683261,1246772,,34.5
2011-09-17 15:00:00,2683261,1247164,28.5,
2011-03-15 11:00:00,2683261,1247177,27.5,
2020-09-28 08:00:00,2683262,1246771,,54.5
2011-04-13 20:00:00,2683265,1247051,31.0,
2011-06-23 07:00:00,2683265,1247166,62.0,
2011-04-28 11:00:00,2683265,1251658,2.5,14.0
2020-01-04 22:00:00,2683272,1246963,21.5,
2011-04-19 14:00:00,2683274,1251662,23.0,18.5
2011-11-07 11:00:00,2683275,1247164,7.5,
2011-02-12 14:00:00,2683276,1247164,23.5,
2011-07-11 08:00:00,2683279,1247190,102.0,
2011-03-21 15:00:00,2683283,1251641,5.5,5.5
2011-07-16 14:00:00,2683286,1247164,56.5,
2020-01-11 15:00:00,2683287,1246870,51.5,
2020-03-09 10:00:00,2683291,1246759,,100.5
2020-08-09 00:00:00,2683291,1246873,67.5,
2020-08-26 13:00:00,2683291,1247056,,61.5
2011-06-13 12:00:00,2683292,1247155,27.5,
2020-04-10 19:00:00,2683300,1246819,68.0,
2020-11-03 09:00:00,2683300,1246873,72.0,
2020-07-23 16:00:00,2683301,1247060,,82.0
2020-02-29 12:00:00,2683306,1251639,,144.5
2020-11-11 17:00:00,2683307,1247060,,103.0
2011-12-02 10:00:00,2683309,1247147,11.5,
2020-12-21 16:00:00,2683313,1247059,,139.0
2020-12-20 16:00:00,2683315,1246766,,97.5
2020-02-02 13:00:00,2683315,1247073,19.0,
2011-09-14 10:00:00,2683316,1251676,4.0,12.5
2011-08-18 21:00:00,2683317,1246783,0.0,4.0
2020-08-22 10:00:00,2683317,1246861,47.0,
2011-09-29 14:00:00,2683318,1251551,5.0,8.0
2020-01-11 10:00:00,2683319,1251552,,86.0
2020-12-24 18:00:00,2683320,1247071,,18.5
2020-12-27 20:00:00,2683321,1247127,3.5,
2020-08-21 16:00:00,2683322,1246855,152.5,
2020-11-04 09:00:00,2683323,1246893,51.0,
2020-03-07 20:00:00,2683323,1248124,16.0,
2020-10-02 11:00:00,2683323,1251647,,71.0
2011-08-12 11:00:00,2683324,1246793,3.5,13.5
2020-07-13 22:00:00,2683324,1247083,,16.5
2020-11-24 18:00:00,2683326,1247056,,81.0
2020-11-15 11:00:00,2683326,1247095,,27.0
2020-10-25 10:00:00,2683327,1248127,52.0,
2020-10-23 07:00:00,2683327,1251788,,12.0
2020-12-11 19:00:00,2683328,1247039,,66.0
2020-09-15 15:00:00,2683329,1247137,70.0,
2020-05-07 20:00:00,2683329,1248107,47.0,
2020-02-12 13:00:00,2683329,1248111,,143.0
2020-01-24 07:00:00,2683330,1246798,73.0,
2020-01-16 13:00:00,2683330,1247083,46.5,
2011-10-25 07:00:00,2683332,1246762,0.0,6.0
2020-06-25 18:00:00,2683332,1246795,,26.0
2020-11-30 18:00:00,2683333,1246799,142.5,
2020-05-08 14:00:00,2683335,1248198,84.0,
2011-03-12 14:00:00,2683335,1251548,35.0,31.0
2011-12-08 16:00:00,2683338,1248114,30.5,
2020-12-21 20:00:00,2683338,1248129,,66.0
2020-10-01 11:00:00,2683338,1251478,,57.5
2020-05-15 16:00:00,2683340,1251618,,140.0
2011-09-25 01:00:00,2683342,1248114,4.0,
2020-01-21 12:00:00,2683343,1248199,,239.0
2011-01-05 16:00:00,2683344,1251713,0.0,7.5
2011-11-06 01:00:00,2683345,1246778,0.0,0.0
2011-11-05 01:00:00,2683345,1246792,0.0,0.0
2020-05-14 18:00:00,2683345,1248199,80.0,
2011-10-05 21:00:00,2683347,1248115,31.5,
2011-04-20 12:00:00,2683347,1251611,6.0,43.0
2020-04-09 08:00:00,2683348,1248167,84.0,
2020-06-24 19:00:00,2683349,1246773,,23.5
2020-10-05 09:00:00,2683349,1248134,65.0,
2011-10-25 10:00:00,2683351,1248158,26.5,
2020-09-02 15:00:00,2683352,1248158,68.0,
2020-03-24 07:00:00,2683353,1248156,74.0,
2020-11-17 10:00:00,2683355,1248157,45.0,
2011-09-29 13:00:00,2683357,1248142,46.0,
2020-05-23 19:00:00,2683358,1248152,10.5,
2011-12-06 16:00:00,2683359,1251606,2.5,11.5
2020-09-26 18:00:00,2683360,1248117,23.0,
2011-01-05 16:00:00,2683360,1251717,0.0,7.5
2011-10-10 17:00:00,2683362,1248137,41.0,
2020-11-05 14:00:00,2683364,1251727,,70.5
2020-08-25 16:00:00,2683365,1248134,101.0,
2020-11-06 22:00:00,2683368,1246803,31.0,
2011-05-18 17:00:00,2683369,1251712,34.0,22.0
2020-10-03 02:00:00,2683372,1246792,,2.0
2011-11-10 17:00:00,2683374,1248240,75.0,
2020-12-14 14:00:00,2683375,1248310,,191.5
2011-10-12 10:00:00,2683383,1248114,18.0,
2020-01-18 14:00:00,2683386,1248318,,115.0
2011-09-13 16:00:00,2683386,1251814,22.5,12.5
2020-08-06 17:00:00,2683387,1248317,152.0,
2011-06-16 19:00:00,2683388,1251737,5.5,11.5
2020-12-09 09:00:00,2683390,1251668,,20.0
2011-10-31 14:00:00,2683393,1248295,23.5,
2020-04-07 09:00:00,2683394,1248115,49.0,
2020-08-13 16:00:00,2683395,1247367,,32.0
2020-07-30 17:00:00,2683395,1247372,,30.5
2011-01-13 20:00:00,2683398,1251556,0.0,3.5
2020-06-20 15:00:00,2683398,1251630,,63.5
2020-02-18 17:00:00,2683399,1246794,,197.0
2020-07-26 21:00:00,2683399,1247328,,18.0
2020-01-06 00:00:00,2683399,1248287,,1.0
2020-08-06 16:00:00,2683403,1251655,,65.0
2020-06-22 22:00:00,2683405,1247329,,8.0
2020-08-23 00:00:00,2683413,1247261,12.0,
2020-11-07 17:00:00,2683413,1248004,47.0,
2020-08-23 11:00:00,2683414,1247228,45.0,
2011-09-20 21:00:00,2683419,1248013,25.5,
2020-08-08 19:00:00,2683419,1248643,10.5,
2011-08-18 21:00:00,2683420,1246805,0.0,4.0
2020-05-08 10:00:00,2683421,1251583,,63.0
2020-02-05 18:00:00,2683424,1251499,,190.0
2020-05-23 10:00:00,2683425,1251492,,58.0
2020-09-02 18:00:00,2683426,1246807,,39.5
2020-02-19 15:00:00,2683426,1246808,,119.5
2020-07-11 08:00:00,2683426,1248595,1.0,
2020-04-23 07:00:00,2683427,1248649,13.5,
2020-10-02 22:00:00,2683428,1246805,,56.0
2020-09-13 20:00:00,2683429,1246805,,22.0
2020-08-08 15:00:00,2683429,1247162,,37.5
2020-06-25 08:00:00,2683429,1248571,42.0,
2011-09-24 14:00:00,2683431,1246806,3.5,23.0
2020-12-15 18:00:00,2683433,1246803,,18.5
2020-06-10 08:00:00,2683434,1247160,,15.0
2020-06-05 13:00:00,2683437,1251536,,84.0
2020-10-09 10:00:00,2683440,1247158,45.0,
2020-11-23 08:00:00,2683440,1248164,126.0,
2020-02-15 06:00:00,2683440,1251646,,23.5
2020-08-26 20:00:00,2683442,1248158,70.0,
2020-12-01 14:00:00,2683443,1251757,53.5,
2011-12-22 17:00:00,2683444,1248021,19.0,
2020-06-06 18:00:00,2683445,1247155,,22.5
2020-07-16 20:00:00,2683445,1248023,25.0,
2020-11-07 13:00:00,2683449,1246811,,68.0
2020-08-27 22:00:00,2683449,1247120,,258.5
2020-07-01 18:00:00,2683449,1248473,33.0,
2020-10-27 11:00:00,2683454,1247129,,195.5
2020-07-15 13:00:00,2683457,1248010,56.0,
2020-10-13 20:00:00,2683459,1247999,46.0,
2020-11-06 22:00:00,2683460,1246821,31.0,
2020-12-07 08:00:00,2683461,1251756,192.5,
2020-09-19 14:00:00,2683462,1247013,,60.5
2020-06-11 10:00:00,2683462,1247993,33.5,
2020-09-07 14:00:00,2683466,1247975,46.0,
2020-02-01 11:00:00,2683467,1251757,13.0,
2020-12-18 20:00:00,2683469,1247049,,115.5
2020-01-23 15:00:00,2683469,1251689,13.5,
2020-01-28 17:00:00,2683472,1248321,,234.5
2020-06-26 10:00:00,2683475,1248263,53.0,
2020-07-13 08:00:00,2683476,1248266,192.0,
2020-12-11 19:00:00,2683477,1246820,,66.0
2020-08-20 15:00:00,2683480,1251580,,0.0
2020-06-23 10:00:00,2683481,1247073,,29.0
2020-12-18 16:00:00,2683482,1251884,190.0,
2020-06-17 11:00:00,2683485,1248221,20.5,
2020-08-21 21:00:00,2683486,1246817,,0.0
2011-01-18 06:00:00,2683486,1246823,17.5,
2020-03-07 09:00:00,2683488,1251526,,67.0
2020-04-05 00:00:00,2683489,1246822,11.0,
2011-11-30 03:00:00,2683489,1246835,0.0,0.0
2020-02-24 02:00:00,2683490,1247021,,0.0
2020-06-25 17:00:00,2683491,1246838,239.5,
2020-07-07 19:00:00,2683491,1248162,140.0,
2020-07-17 17:00:00,2683491,1248162,133.0,
2020-09-24 08:00:00,2683491,1248204,159.0,
2020-06-02 07:00:00,2683493,1246837,140.5,
2020-02-14 15:00:00,2683493,1248035,,119.0
2020-03-06 14:00:00,2683493,1251707,10.5,
2020-02-27 10:00:00,2683495,1251789,13.0,
2020-10-16 12:00:00,2683496,1246818,,59.5
2011-09-14 17:00:00,2683496,1248219,54.0,
2020-07-30 15:00:00,2683497,1248206,63.0,
2020-10-18 10:00:00,2683499,1248229,25.0,
2020-07-10 19:00:00,2683500,1248194,104.0,
2020-07-30 10:00:00,2683501,1251695,140.0,
2020-06-15 09:00:00,2683501,1251700,26.0,
2020-08-12 09:00:00,2683501,1251702,223.5,
2020-07-07 20:00:00,2683508,1246823,,31.0
2011-12-18 15:00:00,2683512,1246845,1.5,29.5
2020-02-10 16:00:00,2683513,1251698,8.0,
2020-02-23 01:00:00,2683514,1246845,32.5,
2020-01-20 15:00:00,2683516,1251696,16.0,
2020-08-22 16:00:00,2683517,1246832,98.5,
2020-03-10 13:00:00,2683517,1246842,23.5,
2011-10-26 16:00:00,2683518,1246817,2.5,19.5
2020-08-29 01:00:00,2683518,1246838,13.0,
2020-03-12 19:00:00,2683519,1246821,,128.0
2011-12-19 00:00:00,2683522,1246837,0.0,0.0
2020-02-24 15:00:00,2683523,1246817,,112.0
2011-07-21 10:00:00,2683523,1251574,14.0,
2011-07-25 11:00:00,2683526,1248536,21.0,
2020-02-22 21:00:00,2683531,1246964,,29.0
2020-02-24 11:00:00,2683532,1251779,22.0,
2020-10-09 10:00:00,2683534,1251729,118.5,
2020-12-06 19:00:00,2683534,1251729,42.0,
2020-10-08 15:00:00,2683537,1246930,,254.5
2020-01-06 07:00:00,2683541,1251753,12.0,
2020-04-26 19:00:00,2683545,1246939,,17.0
2020-08-05 12:00:00,2683546,1246810,,181.5
2020-09-25 20:00:00,2683546,1248179,33.5,
2011-12-24 00:00:00,2683550,1246915,0.0,0.0
2020-07-07 07:00:00,2683550,1247173,,36.5
2020-01-29 15:00:00,2683552,1246850,25.0,
2020-11-30 10:00:00,2683555,1246932,,124.5
2011-11-04 14:00:00,2683558,1246763,1.5,21.0
2020-05-23 13:00:00,2683559,1246769,,75.5
2020-06-25 09:00:00,2683560,1246776,,54.5
2020-08-21 16:00:00,2683562,1246754,,0.0
2011-09-25 14:00:00,2683565,1246765,7.5,35.5
2011-10-06 16:00:00,2683568,1248467,79.0,
2020-11-19 10:00:00,2683569,1251561,21.5,
2011-08-19 18:00:00,2683571,1246779,4.0,14.5
2020-03-13 17:00:00,2683572,1246738,,160.5
2011-05-27 10:00:00,2683572,1251570,15.5,
2020-01-15 12:00:00,2683574,1246734,,157.5
2020-09-05 01:00:00,2683574,1246766,,3.0
2020-11-24 13:00:00,2683580,1246727,,65.5
2020-02-21 18:00:00,2683581,1246894,85.5,
2020-03-09 19:00:00,2683582,1251636,13.5,
2011-02-06 02:00:00,2683583,1246886,5.0,
2020-07-10 20:00:00,2683584,1246721,,15.0
2020-02-18 21:00:00,2683584,1246740,,66.0
2020-08-29 21:00:00,2683584,1246743,,14.5
2020-01-17 20:00:00,2683590,1246771,,84.0
2011-02-24 20:00:00,2683590,1248531,16.0,
2011-08-10 08:00:00,2683590,1251635,81.0,
2020-03-16 00:00:00,2683593,1248096,2.5,
2020-04-04 14:00:00,2683593,1248674,6.5,
2020-02-01 14:00:00,2683596,1246873,41.5,
2020-05-15 15:00:00,2683597,1246864,80.0,
2020-08-08 17:00:00,2683598,1246855,113.0,
2011-08-23 18:00:00,2683618,1251696,254.0,
2011-06-28 19:00:00,2683622,1251706,171.0,
2020-07-16 16:00:00,2683622,1251706,24.5,
2020-07-06 11:00:00,2683628,1248039,72.5,
2020-10-28 17:00:00,2683630,1251777,,101.5
2020-03-26 15:00:00,2683631,1251535,16.5,
2020-08-31 15:00:00,2683634,1248181,78.5,
2011-11-02 13:00:00,2683635,1251533,18.5,
2020-03-02 16:00:00,2683658,1251527,18.5,
2011-04-22 11:00:00,2683662,1251527,79.5,
2020-11-06 09:00:00,2683668,1251524,58.0,
2011-09-04 14:00:00,2683674,1251520,23.5,
2020-11-12 08:00:00,2683687,1251649,118.0,
2011-05-16 09:00:00,2683705,1248505,57.5,
2020-02-28 11:00:00,2683713,1248631,6.5,
2011-08-26 20:00:00,2683728,1251752,13.5,
2020-03-31 07:00:00,2683735,1248538,9.5,
2011-01-29 05:00:00,2683735,1251652,0.5,
2020-02-07 08:00:00,2683735,1251655,,206.5
2020-04-09 13:00:00,2683739,1251653,19.5,
2011-09-28 14:00:00,2683741,1248595,42.0,
2011-12-21 06:00:00,2683744,1251652,3.0,
2011-09-08 16:00:00,2683745,1248527,38.0,
2011-05-31 08:00:00,2683817,1246540,87.0,
2020-02-05 17:00:00,2683828,1246574,67.5,
2011-08-18 11:00:00,2683833,1246558,32.0,
2011-03-11 12:00:00,2683837,1246564,32.0,
2011-11-03 06:00:00,2683839,1246549,24.0,
2011-07-07 08:00:00,2683881,1246621,82.0,
2011-08-19 16:00:00,2683886,1246570,55.0,
2011-11-13 14:00:00,2683890,1246578,20.0,
2020-08-15 13:00:00,2683894,1246459,98.5,
2011-11-10 18:00:00,2683918,1246516,79.0,
2011-06-04 17:00:00,2683922,1246421,41.5,
2011-11-11 18:00:00,2683927,1246708,65.5,
2011-08-19 07:00:00,2683937,1246710,54.0,
2020-11-06 08:00:00,2683942,1246709,110.5,
2020-01-14 11:00:00,2683950,1246420,26.0,
2011-04-20 13:00:00,2683959,1246437,44.0,
2020-10-03 23:00:00,2683960,1246439,43.0,
2020-07-30 17:00:00,2683967,1246445,167.0,
2020-10-29 16:00:00,2683967,1246603,55.0,
2011-05-26 16:00:00,2683993,1246692,51.5,
2020-10-07 18:00:00,2683994,1246456,130.0,
2011-03-11 11:00:00,2684004,1246461,30.0,
2011-10-06 12:00:00,2684025,1246548,47.5,
2011-01-06 23:00:00,2684046,1246526,2.0,
2011-08-26 10:00:00,2684051,1246521,44.5,
2020-10-24 11:00:00,2684055,1246509,67.5,
2011-04-08 11:00:00,2684061,1246502,41.5,
2020-04-06 07:00:00,2684078,1246476,,93.5
2020-11-18 18:00:00,2684084,1246471,177.5,
2011-01-28 23:00:00,2684085,1246470,7.0,
2011-08-03 14:00:00,2684085,1246480,28.5,
2011-04-17 08:00:00,2684100,1246524,16.5,
2020-03-26 07:00:00,2684133,1246683,58.5,
2020-09-16 15:00:00,2684137,1246682,100.0,
2011-07-21 13:00:00,2684143,1246701,19.0,
2011-04-09 07:00:00,2684145,1246656,8.5,
2011-11-11 08:00:00,2684183,1246635,68.5,
2011-10-10 10:00:00,2684184,1246618,5.0,
2020-04-23 12:00:00,2684192,1246627,66.5,
2020-02-14 10:00:00,2684192,1246628,9.5,
2020-05-03 19:00:00,2684192,1246629,77.0,
2020-12-19 15:00:00,2684538,1251799,,265.5
2020-10-18 15:00:00,2684552,1252132,,120.0
2011-11-26 07:00:00,2684656,1252133,3.0,
