ROTATION,VOL_GR_1,E,N
15.02516,2,2676996.53,1248375.125
38.82555,2,2677332.603,1248477.872
39.58647,3,2677416.43,1248935.863
35.87846,3,2677481.138,1248982.369
328.58906,2,2677518.928,1246890.409
51.43222,2,2677680.119,1247613.122
44.77054,2,2677504.307,1248085.581
38.65977,3,2678088.972,1248193.419
35.23775,3,2677820.701,1248990.092
48.03671,3,2678048.41,1250436.001
71.34671,3,2678241.738,1250473.667
77.21145,2,2678419.694,1250613.993
32.65905,3,2678544.415,1246867.389
34.05754,3,2678684.49,1247207.89
133.30795,3,2678660.624,1249956.38
117.08963,3,2678524.913,1250265.141
121.94909,3,2678529.117,1250323.866
227.15092,2,2678475.761,1251640.088
246.83642,2,2678746.63,1251731.274
218.66422,2,2678743.944,1252045.695
30.36897,2,2678588.014,1252769.206
4.81303,2,2679064.926,1245579.841
349.52875,3,2678886.68,1246324.759
21.4776,3,2678847.215,1246703.74
26.30984,4,2678872.387,1246833.983
133.19245,2,2678982.82,1250193.038
55.98622,3,2679620.943,1245277.033
167.09483,1,2679509.826,1252112.067
181.78672,1,2679723.146,1251690.033
117.14833,1,2679848.434,1251912.261
97.63958,1,2680029.804,1251906.169
86.30685,1,2679895.322,1252091.345
59.91874,1,2680057.578,1252162.916
150.63787,2,2680351.009,1253467.222
46.6563,2,2680555.072,1241754.36
58.42676,4,2680453.642,1245381.086
42.89203,3,2680518.803,1245678.556
176.68861,2,2680561.597,1249621.713
271.51559,2,2680589.311,1251053.338
103.01601,3,2680930.425,1242747.69
66.48231,4,2680753.119,1244329.923
261.92368,2,2680816.18,1250775.754
274.58864,2,2680679.757,1251093.632
106.49636,3,2681031.678,1242899.021
116.67076,2,2681123.114,1243358.866
37.32394,2,2681301.05,1251725.803
298.97413,2,2681274.467,1252345.55
308.65986,1,2681293.763,1252709.258
135.95712,1,2681368.03,1250717.358
19.91124,1,2681349.269,1252931.647
19.89034,3,2681857.609,1242737.353
54.29138,2,2681954.655,1251194.135
76.51916,2,2681899.392,1252208.364
66.26701,2,2681829.174,1252594.328
21.03039,1,2681800.501,1252890.863
197.06684,2,2681696.331,1253522.93
183.56912,2,2681682.29,1253933.777
194.01841,2,2681947.556,1253786.333
70.11482,3,2682112.1,1242965.817
189.1049,2,2682068.305,1250424.068
18.31633,1,2682043.892,1252978.833
194.24103,2,2682071.399,1253812.229
88.96426,2,2682423.034,1250599.09
115.58784,2,2682433.156,1252503.424
178.94649,1,2682320.124,1253994.61
2.26856,3,2682905.878,1243314.516
12.13813,2,2682914.376,1246394.946
15.62423,2,2683052.451,1250923.009
296.37564,2,2683443.361,1250246.101
310.00087,2,2684294.999,1250195.731
314.71828,2,2684594.758,1249526.608
355.13061,2,2684642.85,1250393.243
247.38693,3,2685106.196,1245568.359
256.35094,4,2685137.388,1245619.864
239.55166,3,2685547.02,1245125.859
232.70285,3,2685570.66,1246752.805
285.7326,2,2685785.414,1247773.22
288.70653,2,2685490.175,1251926.662
210.84324,2,2685491.496,1252317.497
253.7339,4,2685927.212,1246419.457
230.40218,3,2685893.494,1246933.168
224.56636,3,2686099.285,1246712.884
236.75509,2,2685941.005,1247090.594
263.30393,2,2685827.623,1247632.597
278.39293,4,2686226.735,1245389.131
280.34032,1,2686399.573,1247442.834
307.81677,2,2686137.404,1247835.468
31.87662,3,2686128.759,1249241.763
222.50487,2,2686492.77,1246700.449
359.71208,1,2686585.932,1247460.041
349.13211,2,2686443.67,1247667.489
325.08107,2,2686572.213,1247774.042
16.51623,3,2686731.553,1249035.507
205.83219,2,2686869.026,1246552.686
201.7782,2,2686787.231,1246779.615
215.09332,2,2686773.444,1247088.819
347.38417,2,2686848.758,1248137.382
152.6925,1,2687309.294,1247212.334
236.18813,2,2687964.493,1245827.113
241.51836,2,2687806.281,1246472.698
156.73953,2,2687969.915,1246871.323
132.29892,2,2687817.651,1247072.452
53.5789,2,2687760.493,1247409.816
116.76063,2,2688088.967,1247029.021
39.93018,2,2688701.273,1246915.315
39.26046,2,2688740.068,1246724.598
54.1394,1,2689230.272,1245945.582
25.49471,2,2677166.752,1248587.208
47.03143,3,2677599.492,1248259.783
28.22903,3,2677683.724,1249491.786
33.19368,3,2677713.629,1249762.737
326.85694,2,2677908.601,1246629.685
51.07589,3,2677940.655,1247546.205
35.47126,3,2677845.039,1248052.085
38.74596,3,2678068.002,1248094.801
33.81054,3,2677844.588,1249046.718
71.52386,3,2678094.281,1250116.525
353.9549,2,2678336.484,1246537.054
45.75845,3,2678238.273,1248430.211
118.37424,2,2678420.883,1249953.276
68.35324,2,2678136.189,1250373.375
119.22807,3,2678162.327,1250402.914
61.48164,3,2678531.445,1247738.11
50.42681,1,2678502.76,1252670.302
25.33769,4,2678836.093,1246890.524
230.46072,2,2678798.175,1251765.106
218.76093,1,2678965.075,1251907.261
30.05269,2,2679320.791,1245610.221
204.4348,1,2679339.625,1252029.518
53.89273,4,2679796.627,1246078.748
45.81317,4,2679920.086,1246198.471
42.61408,3,2679814.941,1246453.276
95.37927,3,2679868.432,1247348.703
203.30744,2,2679864.85,1249824.251
236.00434,2,2679838.93,1249857.071
214.32735,2,2679949.728,1250464.062
187.94691,1,2679771.456,1251530.382
50.18755,2,2679749.083,1253951.704
64.00431,1,2680338.398,1243611.161
232.21468,2,2680178.021,1251191.031
158.74229,1,2680128.37,1251430.223
167.42533,2,2680338.258,1253280.063
112.81595,2,2680197.868,1253769.262
96.90851,2,2680418.105,1242147.98
56.20627,3,2680677.101,1241857.496
55.98113,4,2680402.87,1245280.742
49.95503,3,2680538.851,1245566.801
264.98229,2,2680648.158,1250919.037
113.13111,2,2680699.925,1242992.883
114.41701,2,2680877.553,1243445.662
21.4257,3,2680726.756,1247418.049
137.79727,2,2680832.922,1253554.769
105.75674,2,2681024.095,1242807.16
106.13376,4,2681107.239,1243090.943
113.55369,4,2681175.079,1242988.341
96.68931,2,2681018.908,1243495.569
55.61487,3,2681159.684,1243775.428
106.56213,3,2681292.972,1245432.554
353.22723,2,2681130.126,1251644.661
259.32362,1,2681147.486,1252523.444
65.55206,3,2681326.325,1243948.418
0.14554,2,2681624.925,1245552.778
134.73655,2,2681580.09,1250518.569
5.22025,2,2681325.981,1251338.536
129.5313,1,2681376.222,1253751.594
329.63123,3,2681773.112,1242788.062
356.25054,3,2681929.21,1243327.382
25.25745,3,2681709.7,1245319.602
28.52093,4,2681922.125,1245049.483
27.8194,2,2681651.441,1252344.205
64.03183,2,2681798.7,1252165.495
11.09799,1,2681773.154,1253049.981
16.73779,1,2681874.087,1253077.686
40.07627,3,2681975.433,1243070.287
60.76264,3,2682075.444,1244360.748
4.91552,3,2682038.091,1246272.494
115.09801,2,2682057.129,1252391.793
104.23986,1,2682137.002,1252784.281
11.89319,1,2682323.534,1253203.18
18.89718,1,2682375.776,1253084.978
126.02736,1,2682307.486,1253471.301
163.91886,1,2682360.693,1253692.502
171.8802,2,2682612.945,1253902.687
61.34243,2,2683068.492,1243017.354
174.99575,1,2683208.25,1252617.297
92.9573,2,2682998.453,1253427.048
287.44545,3,2683876.754,1249840.285
104.87434,1,2684112.285,1253850.543
239.58664,2,2684344.236,1249113.831
231.86706,2,2684500.734,1249152.453
275.69751,2,2684248.503,1249388.284
250.69398,2,2684260.766,1249240.651
302.10647,2,2684482.521,1249432.287
314.5322,2,2684424.718,1250087.199
222.45815,2,2684793.196,1248826.919
226.01182,2,2684594.793,1249000.904
219.29155,2,2684988.128,1248822.399
324.26684,1,2684845.701,1249241.662
12.50155,2,2684894.208,1249545.608
41.43707,1,2685321.059,1249178.407
262.29421,2,2685534.69,1247767.561
25.52037,3,2685550.862,1250747.871
25.7573,3,2685626.08,1250583.78
222.77848,2,2685612.552,1252521.232
317.63776,2,2686401.113,1247828.496
333.98998,2,2686379.005,1248242.796
39.22994,2,2686133.752,1248724.133
22.82751,2,2686240.141,1248972.674
33.03239,3,2686345.156,1249366.349
33.02417,3,2686280.449,1249644.545
28.09806,3,2686276.648,1250110.466
18.44295,3,2686312.34,1250371.595
259.92393,4,2686601.911,1245418.192
227.56449,3,2686475.63,1246599.255
324.08638,2,2686603.831,1247987.525
345.03686,2,2686515.039,1248643.426
3.38348,3,2686610.969,1248851.059
30.38684,3,2686460.668,1249839.132
15.16469,2,2686929.374,1248665.558
340.44004,2,2687192.901,1247739.125
22.67773,2,2687316.448,1248041.818
333.91665,3,2687145.813,1250995.818
55.21213,1,2687613.857,1247283.835
269.81983,3,2687746.318,1245255.428
286.52787,2,2687786.048,1245897.661
350.2977,2,2688214.158,1246321.791
104.36299,2,2688198.785,1246832.885
159.14455,1,2688627.798,1245879.623
3.29958,1,2688517.086,1246044.886
356.77762,2,2688432.719,1246538.992
351.03524,1,2689241.348,1245714.183
13.9015,2,2688980.862,1246244.897
20.81462,2,2677226.321,1247916.467
43.35916,2,2677385.274,1247967.473
38.44937,3,2678076.375,1248552.974
18.37081,3,2678245.043,1246980.254
175.76477,2,2678416.631,1251163.663
204.39037,2,2678378.704,1251494.129
346.31055,2,2678780.86,1246102.001
36.85753,4,2678898.538,1247255.402
357.98337,1,2678890.312,1252490.704
29.82508,2,2679172.007,1245734.761
4.59134,2,2679122.562,1252550
191.70751,1,2679419.221,1252037.391
34.74714,1,2679505.643,1252397.717
12.40271,2,2679463.552,1253160.457
31.4598,2,2679556.791,1253457.981
53.09616,2,2679937.896,1244805.611
47.34891,3,2680009.872,1246162.534
197.14132,2,2679786.644,1251358.345
163.85571,1,2679887.109,1251642.111
17.94065,2,2679864.43,1252665.189
53.56232,2,2679838.819,1253999.915
59.91741,3,2680060.466,1245491.542
199.92556,2,2680131.554,1249852.946
114.46013,2,2680200.749,1253593.348
152.8303,2,2680177.816,1254063.282
114.09736,3,2680554.221,1242762.101
59.61733,2,2680490.794,1243652.797
54.43372,4,2680385.019,1245580.001
161.74045,2,2680572.43,1254010.026
60.86651,3,2680751.263,1244667.132
83.01623,3,2680924.698,1244861.699
282.80094,1,2680957.541,1250805.48
166.77354,2,2680881.511,1253807.397
89.13955,3,2681005.282,1242583.198
86.07352,2,2681182.998,1243493.168
80.84378,3,2681254.658,1245150.178
198.97042,1,2681196.414,1250751.147
142.53539,2,2681027.153,1253349.999
344.24276,4,2681627.572,1242861.023
81.14509,2,2681347.073,1243472.753
72.39705,2,2681489.508,1245370.209
19.00295,1,2681334.567,1251048.876
52.45703,1,2681560.156,1251021.76
15.90046,2,2681531.506,1251810.532
34.93595,4,2681777.695,1244864.883
36.10508,4,2681837.941,1244770.467
79.5367,1,2681694.655,1250933.752
67.96733,1,2681886.264,1250947.135
171.88964,1,2681692.049,1253295.368
203.10938,1,2681699.694,1253445.438
84.45155,3,2682204.731,1242599.253
54.04081,2,2681973.79,1251061.63
122.4669,2,2682116.594,1252450.868
168.22218,1,2682174.722,1253608.45
175.95488,2,2682176.847,1253721.329
115.92673,1,2682453.934,1252792.067
36.77959,1,2682277.727,1253029.8
160.18311,2,2682420.112,1253823.774
114.26415,2,2682663.575,1252547.524
88.17862,1,2682718.695,1252848.332
49.20536,1,2682616.218,1253215.587
114.77205,2,2682690.204,1253456.365
181.70549,1,2682663.189,1253981.867
99.99622,1,2683198.472,1253603.13
338.21099,2,2684400.858,1250635.101
159.99769,2,2685442.715,1248495.356
41.50303,2,2685345.488,1249958.093
248.00646,2,2685543.577,1247886.28
261.75656,2,2685666.559,1247635.248
230.32153,2,2685626.252,1248077.914
231.53975,2,2685602.39,1252630.71
219.19348,4,2685802.384,1246188.777
49.36458,2,2685957.603,1249336.887
344.53684,2,2686195.895,1248360.209
27.74013,3,2686227.887,1249316.373
238.30609,2,2686539.345,1247212.749
353.70709,1,2686496.677,1247611.315
323.92251,2,2686525.458,1248228.435
238.43361,3,2686879.138,1245459.916
196.98211,2,2687037.139,1246741.966
330.15005,2,2686960.498,1247785.41
17.01109,2,2686978.963,1248509.319
270.45598,4,2687314.935,1245355.576
197.30794,2,2687152.076,1246835.494
331.37282,1,2687100.644,1247359.731
23.23121,2,2687117.206,1248427.561
42.25878,1,2687599.124,1247430.474
277.17681,2,2687943.096,1246467.405
193.01529,2,2687767.255,1246676.812
60.67049,2,2688001.064,1247254.278
72.08744,2,2687826.184,1247298.671
216.44163,2,2688453.291,1245507.569
193.43941,2,2688502.284,1245610.197
181.7559,2,2688695.709,1245670.425
311.17892,2,2677611.474,1246772.91
38.28366,3,2677759.233,1248575.559
24.80457,3,2677501.31,1249202.069
331.09367,2,2678075.723,1246145.799
38.31422,3,2677853.008,1247920.403
42.80909,3,2678085.525,1247966.638
38.3669,3,2677857.932,1248619.244
36.53825,3,2677964.428,1248713.818
33.40893,3,2678321.524,1247250.459
59.08206,3,2678223.76,1247553.413
330.25514,2,2678583.432,1246177.579
16.63256,2,2678506.449,1246671.249
27.65669,3,2678529.851,1246759.614
51.09837,3,2678565.062,1248266.299
183.75704,2,2678643.34,1251383.881
349.11447,2,2679054.648,1246261.287
149.51859,2,2679020.778,1250331.011
97.73841,2,2678822.001,1250628.202
19.64383,2,2678992.155,1252791.545
355.13749,2,2679288.535,1245350.592
358.69449,2,2679105.116,1246096.361
30.71717,3,2679301.953,1246704.919
13.73081,2,2679256.317,1252722.056
46.93926,3,2679575.176,1246465.197
183.69438,1,2679651.879,1251613.841
98.89589,1,2679546.211,1252231.943
32.76383,2,2679595.252,1252448.853
15.41402,2,2679613.925,1253936.469
217.9916,2,2679958.038,1249945.982
42.37913,2,2680021.472,1252282.134
68.38774,2,2679844.949,1253578.564
45.76751,2,2679749.791,1253747.022
35.71419,2,2680288.827,1244667.737
47.02883,3,2680290.287,1245987.66
117.13357,1,2680057.083,1251615.066
44.80223,2,2680250.893,1252240.435
141.24194,2,2680092.184,1253408.326
65.3667,3,2680542.633,1244285.533
52.40648,4,2680441.936,1245067.19
44.60366,3,2680410.832,1245844.544
32.27066,1,2680501.496,1251859.333
172.44964,2,2680667.67,1253234.158
136.9206,2,2680520.923,1253743.872
162.46476,2,2680642.698,1253771.711
73.3818,3,2680815.101,1241923.053
229.81652,2,2680943.867,1250602.655
76.26166,3,2681074.616,1241926.313
64.52784,2,2681297.619,1243778.314
70.74472,4,2681082.774,1244480.387
85.98017,4,2681115.704,1244997.427
52.18675,3,2681028.364,1246023.194
160.49751,2,2681226.988,1250554.359
300.63479,1,2681151.31,1250822.864
117.34469,2,2681016.687,1253490.194
81.00075,2,2681325.828,1243659.61
70.52007,4,2681329.271,1244449.003
54.10856,4,2681537.992,1245056.361
128.2583,1,2681594.736,1250772.549
43.24897,1,2681631.913,1251017.115
12.5586,2,2681356.108,1251554.433
34.18787,2,2681656.206,1251310.301
24.30883,2,2681667.843,1251856.164
196.73637,2,2681703.838,1253578.609
196.06839,2,2681864.198,1253746.726
109.66175,3,2682199.464,1242315.151
49.05119,2,2681957.695,1251321.483
110.43566,2,2682043.115,1252536.081
13.12447,1,2682102.422,1253241.666
183.37064,2,2682142.788,1254020.421
54.91501,2,2682539.198,1242603.998
86.55937,2,2682279.864,1250629.278
67.03623,2,2682281.804,1250772.318
98.09656,2,2682585.802,1250790.412
118.1416,2,2682495.693,1252648.203
95.8162,1,2682572.355,1252868.562
32.08934,2,2683315.904,1243418.677
292.22009,2,2683419.011,1250342.873
118.24975,1,2683967.105,1253722.186
328.57501,2,2684300.794,1250300.09
288.33338,2,2684588.082,1249297.017
341.89533,2,2684586.228,1250010.54
210.80274,2,2685000.377,1248645.565
216.98218,1,2685098.478,1248832.786
31.62236,2,2685004.258,1250054.401
20.55608,2,2685099.864,1250744.223
208.93659,3,2685252.931,1245337.713
178.27474,2,2685353.559,1248474.993
229.32506,2,2685537.108,1245528.523
239.92253,3,2685760.506,1247002.217
279.36317,2,2685655.007,1247775.229
223.55159,2,2685582.233,1248205.115
94.04087,1,2685582.737,1248987.088
173.85009,2,2685596.763,1252262.365
230.2647,2,2686008.464,1247209.469
230.61055,2,2686018.714,1247147.732
276.27156,2,2685900.066,1248030.849
41.10814,3,2686073.889,1249177.585
29.67361,3,2685993.933,1250225.615
260.57892,3,2686398.596,1246401.105
308.91449,2,2686245.738,1247918.199
324.71556,2,2686373.353,1248031.883
329.68558,2,2686660.535,1248220.389
336.18197,2,2686711.078,1248176.208
14.12685,3,2686462.033,1248996.939
16.54014,3,2686663.425,1249069.627
25.89278,4,2686677.946,1249996.153
231.41917,3,2686878.251,1245556.832
229.03168,3,2686813.27,1246501.02
348.22375,2,2686873.417,1247459.853
341.23972,2,2686815.726,1247649.282
23.727,4,2686918.32,1250222.694
332.57131,3,2686892.026,1251350.783
346.2538,1,2687165.357,1247407.579
272.84521,3,2687452.741,1245353.597
257.48766,3,2687830.506,1245314.98
179.60649,1,2687991.591,1246800.979
128.99635,1,2687777.235,1247126.177
206.28534,2,2688771.263,1245561.106
151.82141,1,2688954.447,1245762.241
21.59336,1,2688853.935,1246101.443
36.61922,2,2688768.102,1246600.251
41.36706,2,2688869.126,1246782.746
27.47873,2,2689169.422,1246169.676
229.27676,1,2689368.334,1245452.667
261.57303,1,2689399.223,1245507.344
44.27412,3,2677793.675,1248322.403
185.95,3,2677983.436,1251730.765
184.98602,2,2678046.125,1251898.758
191.2925,2,2677987.36,1252302.608
214.74636,2,2678191.533,1252382.451
233.88064,1,2678349.193,1252265.421
128.94809,1,2678618.999,1252409.007
15.77231,3,2678804.252,1246573.392
354.4832,3,2678899.715,1246500.781
111.00241,2,2678898.125,1250544.302
25.50808,3,2679197.415,1246679.682
141.81471,2,2679170.525,1250534.181
205.77618,2,2679318.028,1251600.785
345.5857,1,2679224.281,1252481.513
8.21002,2,2679317.355,1252528.771
12.08017,2,2679318.686,1253463.529
25.38731,2,2679549.437,1252613.419
3.18766,2,2679646.421,1252870.859
33.55696,2,2679594.574,1253656.824
20.94404,2,2679484.838,1253795.285
35.33847,2,2680001.591,1252389.083
42.47439,3,2680158.65,1246165.791
110.77224,1,2680184.666,1251520.365
62.22843,1,2680217.222,1251934.061
235.61973,2,2680090.149,1254034.076
96.68439,2,2680649.701,1242262.054
54.56871,3,2680605.727,1245495.197
114.79536,2,2680860.274,1242904.293
70.13453,3,2680717.707,1244937.128
64.96189,3,2680847.395,1246162.715
271.3292,1,2680903.981,1251136.326
131.18222,2,2680902.717,1253397.499
71.39188,4,2681306.808,1244151.61
89.5103,2,2681127.893,1248166.952
197.45007,2,2681139.113,1250628.625
132.20583,2,2681145.566,1253814.548
67.31851,4,2681452.049,1244437.885
44.14486,2,2681595.231,1252655.189
33.61736,1,2681585.556,1252814.52
6.82753,1,2681516.384,1253056.262
70.82886,3,2681900.003,1244245.613
143.78381,1,2681774.716,1250739.744
110.25124,3,2682027.188,1242299.688
114.93956,1,2681988.918,1250728.712
127.20012,2,2682222.851,1252593.377
78.90317,3,2682356.121,1242431.162
38.53665,2,2682299.002,1246275.936
115.53883,2,2682520.848,1252548.969
156.65754,1,2682550.513,1253678.98
79.68924,1,2682789.638,1252824.964
96.39638,2,2683235.497,1253311.021
121.07896,1,2683624.073,1253208.245
249.48438,2,2684055.563,1245459.77
67.56155,1,2684050.756,1252865.641
306.14742,2,2684409.701,1249715.418
230.05014,2,2684522.818,1248976.121
344.07059,2,2684728.801,1249729.515
347.24683,2,2684629.442,1250660.61
332.63481,1,2685078.725,1249137.901
33.08552,3,2685141.927,1250374.719
12.75442,2,2684886.586,1250895.519
266.57799,3,2685194.689,1245639.791
42.97535,2,2685295.11,1249799.788
30.49109,3,2685486.372,1250596.812
229.00214,3,2685817.011,1245019.236
218.49263,3,2685806.423,1246528.189
311.51582,2,2685907.496,1248311.189
26.05504,2,2685978.712,1248647.499
25.91921,3,2685957.594,1250411.907
243.00801,2,2686152.2,1247436.457
317.7138,2,2686199.488,1248157.352
327.04641,2,2686295.955,1248191.295
1.57449,2,2686162.343,1248477.311
18.21906,2,2686193.187,1248918.723
29.4308,3,2686232.105,1250084.773
24.38879,3,2686252.801,1250207.688
326.38823,1,2686735.604,1247338.821
348.76673,2,2686741.609,1248528.513
0.63863,2,2686678.805,1248819.224
31.54807,3,2686511.46,1250232.707
263.16779,4,2686937.293,1245406.27
245.2946,3,2687020.962,1245446.837
241.30262,1,2686926.953,1247202.722
350.40145,2,2686879.042,1248012.098
340.76103,2,2686814.007,1248380.881
333.91329,2,2687097.742,1247569.684
342.92091,1,2687171.954,1247510.261
359.84335,1,2687354.033,1247496.516
7.51177,2,2687288.983,1247912.402
330.87597,2,2687255.771,1251295.813
267.56137,4,2687649.749,1245208.916
159.43291,2,2687401.072,1246891.79
180,1,2688079.908,1246780.807
186.35527,2,2688478.562,1245710.546
356.82953,1,2688546.541,1246216.743
14.22729,2,2688590.001,1246480.407
38.54151,2,2688834.964,1246914.797
67.99707,1,2689085.045,1246005.725
38.31309,1,2689451.798,1245552.728
41.80792,1,2689537.273,1245582.826
330.3805,2,2677744.7,1250584.205
193.71579,3,2677750.022,1251992.418
340.49764,2,2678101.656,1246283.964
346.14002,2,2677912.499,1246862.44
35.09178,3,2677940.167,1248234.291
31.32982,3,2677817.817,1248860.517
74.63614,4,2678386.313,1247520.409
216.85747,1,2678403.48,1252447.885
0.59066,2,2678761.589,1246259.491
1.67811,2,2678584.034,1246483.175
146.23153,2,2678570.701,1249907.751
166.92811,2,2678554.069,1251341.464
351.81172,2,2678851.418,1245948.853
232.72622,2,2678947.185,1251814.71
140.70109,2,2679177.261,1250443.84
253.47301,1,2679139.043,1252203.468
22.53314,2,2679091.811,1253607.242
10.75576,2,2679453.073,1252962.117
234.76109,2,2679900.554,1249740.208
168.59198,1,2679997.526,1251516.894
86.75309,2,2680556.462,1242038.502
62.26566,3,2680636.036,1244723.129
49.16686,3,2680390.963,1245056.472
90.3424,1,2680423.688,1251543.217
20.00152,2,2680490.602,1252223.585
279.36896,2,2680915.442,1251009.301
149.24855,2,2680820.176,1253643.151
77.04455,4,2681306.63,1242432.066
66.25013,4,2681205.786,1244033.225
70.88849,3,2681180.097,1244489.436
78.00267,3,2681298.343,1244862.188
317.86245,1,2681141.182,1251088.815
4.55704,2,2681315.925,1251415.369
55.0806,4,2681531.374,1244571.569
158.73383,3,2681836.337,1242309.987
336.80146,4,2681864.635,1243148.129
200.85821,2,2681681.925,1250217.108
75.20296,3,2682173.243,1242888.4
97.30883,2,2682190.119,1250653.087
75.03154,2,2682242.365,1250669.764
111.05392,1,2682253.689,1252909.371
75.64644,2,2682313.737,1242659.34
70.85612,2,2682329.775,1242914.685
15.40596,2,2682518.427,1242978.382
70.63767,3,2682504.794,1245709.507
29.63396,1,2682524.605,1253180.789
55.72867,3,2682795.236,1243701.843
227.77175,2,2684707.676,1249113.681
332.94826,2,2684753.47,1249502.933
7.3186,2,2684764.044,1250245.726
205.67426,2,2684853.844,1248244.829
36.10724,2,2685065.335,1249547.297
39.87048,2,2685114.061,1249671.166
216.02508,3,2685298.138,1245253.066
41.92021,2,2685390.861,1249321.144
41.50711,2,2685448.46,1249420.525
247.72973,3,2685736.535,1247109.623
244.51125,2,2685468.122,1247592.946
28.89993,3,2685776.475,1250126.95
289.00922,2,2686061.715,1247649.521
38.47068,3,2686031.576,1249623.814
25.40642,3,2685868.847,1250480.28
252.04665,3,2686295.858,1246505.426
229.91679,2,2686289.798,1247075.078
320.38752,2,2686275.102,1247645.111
20.17179,2,2686215.065,1248581.856
237.16437,3,2686442.817,1246527.428
216.26101,2,2686596.627,1246903.186
316.10662,2,2686620.833,1247881.938
9.04554,3,2686686.508,1249285.304
31.95678,3,2686520.041,1250141.138
336.37062,2,2687050.279,1247782.464
232.19925,2,2687239.261,1245822.639
253.73978,2,2687266.177,1246345.292
147.88762,2,2687623.267,1246883.084
36.58762,2,2687495.643,1247846.59
230.94201,2,2687999.993,1245352.008
288.13845,2,2687876.905,1245948.051
269.9708,1,2688214.469,1245948.514
271.85425,1,2688105.49,1246602.932
42.80424,2,2688423.261,1246851.772
20.08776,2,2688784.596,1246458.583
230.69982,1,2689097.518,1245566.367
47.70477,1,2689319.729,1245892.827
341.35326,2,2677761.733,1246942.16
39.34057,3,2677534.077,1248533.312
27.03487,3,2677559.634,1249059.09
16.0419,3,2677534.086,1249333.94
54.8033,3,2677994.199,1247296.294
48.46906,3,2678105.537,1247479.773
42.74756,3,2677993.398,1247907.232
189.85311,3,2677857.878,1252083.543
352.85422,2,2678154.508,1246547.873
51.6232,3,2678189.963,1247784.808
45.53436,3,2678332.137,1248065.61
81.81763,4,2678659.908,1247496.23
54.75628,3,2678707.38,1247359.472
143.95099,1,2678500.536,1252310.302
139.00019,1,2678685.897,1252339.284
214.44155,1,2678880.247,1252252.636
328.91954,1,2679015.582,1252452.371
205.17148,1,2679292.979,1251717.477
238.9565,1,2679099.236,1252061.827
52.8354,2,2679612.586,1245802.531
253.71669,2,2679547.208,1249909.403
207.35881,2,2679437.696,1251444.866
111.69333,1,2679680.276,1252096.768
197.43492,1,2679900.594,1251421.98
155.42653,1,2679775.615,1251786.19
64.13753,1,2680282.312,1243725.759
79.90645,1,2680062.295,1244011.864
59.58483,3,2680250.328,1245344.401
57.08442,4,2680062.502,1245656.139
57.31958,4,2680241.441,1245444.147
216.8699,3,2680174.703,1250340.569
54.24105,2,2680596.286,1243652.701
31.26665,3,2680593.41,1245965.872
241.42677,2,2680551.228,1250798.909
56.58831,3,2680908.32,1243856.776
59.92047,4,2680825.14,1244446.922
335.37644,2,2680761.386,1248590.57
137.94028,2,2680792.043,1253499.274
168.94152,2,2680787.803,1253798.445
71.61708,4,2681093.865,1242348.234
72.5509,4,2681155.62,1244101.196
197.02493,2,2681076.235,1250455.699
88.57165,1,2681277.239,1253442.758
68.8685,4,2681354.069,1244068.409
65.2807,4,2681547.016,1244148.81
70.07304,4,2681380.307,1244537.925
72.14148,3,2681391.273,1245058.542
140.3861,2,2681403.129,1250641.253
149.34685,1,2681632.801,1250707.106
6.52589,2,2681512.458,1252327.555
8.22672,2,2681540.98,1252191.432
22.44545,1,2681471.309,1252794.555
23.49932,1,2681609.147,1252912.185
204.08745,1,2681519.101,1253289.652
189.78532,3,2681769.619,1242277.977
18.31554,4,2681785.663,1245342.696
191.40138,2,2681700.625,1253744.604
116.85498,3,2681980.352,1242326.895
76.8408,3,2681999.364,1242760.277
175.61842,2,2682018.58,1250599.073
53.82307,2,2682062.091,1251046.873
182.98555,2,2682044.763,1254046.58
118.65348,2,2682322.653,1252478.268
61.85592,2,2682737.957,1242762.765
83.14006,3,2682839.259,1245252.849
19.67582,2,2682981.707,1250741.956
47.32048,2,2683251.101,1243231.272
304.67067,3,2684095.737,1249816.796
294.3174,1,2684788.574,1249174.941
355.38467,2,2684747.691,1249863.214
271.11194,4,2685015.342,1245821.077
34.14941,2,2685022.164,1249907.402
32.67439,2,2685015.181,1250229.322
256.32515,2,2685125.069,1252158.213
248.78796,3,2685356.889,1247735.945
254.48802,2,2685389.495,1252507.147
229.34543,2,2685503.851,1247532.255
224.46504,2,2685616.881,1248274.545
45.34306,2,2685529.864,1249615.275
46.48592,3,2685595.23,1249776.821
45.52716,3,2685738.707,1249646.609
239.70093,2,2685948.655,1247466.598
31.95026,3,2686026.836,1250061.551
32.24908,3,2686331.349,1248988.129
24.60783,3,2686129.898,1250373.178
3.84079,3,2686204.538,1250579.322
19.6954,3,2686376.785,1250468.566
28.40877,3,2686578.058,1250093.895
224.36154,2,2687031.348,1245552.497
335.87415,1,2686855.333,1247325.056
355.81065,2,2687061.073,1248008.276
13.09547,2,2686860.315,1248920.514
17.12507,2,2687100.163,1248270.642
229.55028,2,2687671.399,1246316.533
161.67763,2,2687401.719,1246777.723
19.96749,2,2687435.825,1247587.606
78.43478,1,2687666.06,1247289.643
325.09643,2,2688195.713,1246460.867
19.76103,2,2688412.626,1246658.321
32.82706,2,2688783.157,1246521.232
13.339,2,2676717.126,1248215.619
38.25472,3,2677352.116,1248809.724
3.03499,2,2678053.863,1246796.967
25.35191,3,2678038.23,1248838.961
74.1007,2,2677979.894,1250675.039
192.65695,3,2678066.482,1252035.185
341.64396,2,2678392.744,1246260.889
22.55654,3,2678329.033,1247106.258
48.8068,3,2678373.916,1247802.788
66.75722,3,2678383.099,1247634.786
39.66784,3,2678354.953,1248360.901
45.49,3,2678492.597,1248165.507
59.85474,2,2678465.775,1250707.833
247.48672,2,2678690.712,1251624.037
132.86284,1,2678493.64,1252458.509
2.93845,2,2678938.374,1245794.346
229.29871,1,2679016.512,1252005.791
21.4182,2,2678939.998,1252627.353
21.29162,2,2679112.633,1245933.988
37.46376,3,2679148.36,1246999.614
61.96446,4,2679213.811,1248103.6
256.71235,1,2679223.904,1252286.787
21.10363,2,2679231.835,1252848.607
52.11825,3,2679683.727,1245876.949
172.01297,1,2679579.586,1251773.191
52.00558,2,2679640.214,1253526.323
50.72231,4,2679797.131,1246323.085
40.44437,4,2679943.586,1246374.14
205.5754,2,2679819.342,1250514.156
59.21656,1,2679877.714,1252187.233
74.24379,1,2680195.382,1243925.133
224.77158,1,2680239.209,1251261.95
24.85267,2,2680337.549,1252117.942
143.24995,2,2680338.475,1253946.209
198.13997,2,2680289.803,1254220.149
88.36238,1,2680530.44,1243491.649
61.88124,1,2680440.118,1251732.135
79.98645,3,2680869.733,1242298.992
54.52609,3,2680903.707,1244647.172
228.15293,2,2680880.97,1250543.698
171.67982,2,2680685.15,1253875.892
83.60899,4,2681222.415,1242421.973
64.29007,4,2681045.265,1243987.326
61.74772,4,2681074.943,1243913.322
75.41429,4,2681231.612,1244364.692
140.48621,1,2681103.642,1253250.975
73.25004,3,2681492.811,1243940.265
71.92138,1,2681385.495,1250874.064
27.35107,2,2681576.237,1251676.21
30.98448,2,2681386.055,1252538.728
116.25147,3,2681927.86,1242392.487
67.51235,3,2681890.099,1242713.611
50.32803,3,2681741.958,1244387.29
41.67885,4,2681687.799,1244871.592
160.90902,2,2681762.806,1250640.817
169.44984,2,2681808.202,1250487.219
38.55843,2,2681790.51,1251413.115
80.38472,3,2682174.095,1244891.168
156.24759,2,2682216.852,1250470.293
57.32319,2,2682006.871,1250967.642
181.12884,2,2682114.844,1253879.347
63.88707,2,2682338.46,1250943.831
64.09256,2,2682403.362,1251000.838
77.74597,1,2682534.713,1253003.459
31.6075,1,2682411.02,1253298.427
31.16759,2,2682626.856,1242809.802
142.29814,2,2682678.888,1253640.487
347.46433,3,2684030.709,1250240.327
346.39798,1,2684955.94,1249312.32
159.16239,1,2685273.749,1248811.568
106.2531,1,2685434.308,1248912.974
33.86863,3,2685305.023,1250409.418
268.22199,1,2685361.503,1252549.798
230.35373,3,2685723.794,1246826.682
219.24615,3,2685775.268,1246708.103
244.60079,3,2685507.534,1247003.191
243.12332,2,2685716.45,1247262.435
40.8625,3,2685607.524,1250030.671
250.73689,2,2685962.58,1245769.733
230.15416,3,2685901.155,1246055.688
271.44676,2,2685820.466,1247853.66
340.47704,2,2685919.979,1248413.616
47.17454,2,2686018.209,1249048.297
48.32079,2,2685816.624,1249368.171
40.26632,3,2685863.338,1249757.439
295.05942,4,2686114.044,1245476.678
265.66431,4,2686231.393,1246394.984
324.90266,2,2686179.239,1248076.226
10.53473,3,2686230.188,1250463.558
9.19904,3,2686198.112,1250542.464
213.09023,2,2686717.488,1246584.814
262.32759,3,2686948.257,1246296.879
334.19228,2,2686772.581,1247970.648
20.65431,3,2686884.93,1249090.251
17.94446,2,2686989.354,1248883.609
260.64949,2,2687230.871,1245425.748
236.51063,2,2687180.995,1245924.479
171.92233,2,2687357.663,1246691.671
12.1397,2,2687370.039,1247709.455
18.82675,3,2687091.993,1248928.727
354.83428,3,2687301.798,1250682.979
167.53351,1,2687387.07,1247060.398
297.91748,2,2687800.365,1246059.85
346.6804,2,2688286.409,1246219.211
350.90918,2,2688412.642,1246433.295
359.75197,2,2688764.203,1246354.042
38.79471,2,2688958.645,1246855.974
183.91224,1,2689063.834,1245753.494
